date,buys,total,officer_buys,officer_total,buy_share,officer_buy_share
23-06-23,0,1,0.0,1.0,0.0,0.0
23-06-27,0,1,0.0,1.0,0.0,0.0
23-11-14,0,1,0.0,1.0,0.0,0.0
24-05-15,1,1,1.0,1.0,1.0,1.0
24-05-23,1,1,1.0,1.0,1.0,1.0
2002-05-02,1,1,,,1.0,
2004-05-09,1,1,1.0,1.0,1.0,1.0
2009-02-19,1,1,1.0,1.0,1.0,1.0
2009-03-03,1,1,1.0,1.0,1.0,1.0
2009-08-12,1,1,1.0,1.0,1.0,1.0
2010-08-24,1,1,1.0,1.0,1.0,1.0
2011-03-02,1,1,1.0,1.0,1.0,1.0
2011-04-21,1,1,1.0,1.0,1.0,1.0
2011-05-04,0,1,0.0,1.0,0.0,0.0
2012-01-10,1,12,,,0.08333333333333333,
2012-01-11,1,1,,,1.0,
2012-01-13,0,1,,,0.0,
2012-02-23,0,4,,,0.0,
2012-02-24,3,3,,,1.0,
2012-02-29,18,30,,,0.6,
2012-03-29,1,2,,,0.5,
2012-04-04,1,1,,,1.0,
2012-04-05,0,1,,,0.0,
2012-04-24,2,4,,,0.5,
2012-04-27,1,1,,,1.0,
2012-05-08,0,1,,,0.0,
2012-05-14,0,1,,,0.0,
2012-05-15,1,1,,,1.0,
2013-01-23,0,1,0.0,1.0,0.0,0.0
2013-01-30,1,1,,,1.0,
2013-01-31,0,1,,,0.0,
2013-02-14,1,1,,,1.0,
2013-02-19,0,6,,,0.0,
2013-03-08,0,1,,,0.0,
2013-03-11,2,3,,,0.6666666666666666,
2013-03-13,0,1,,,0.0,
2013-03-15,5,5,,,1.0,
2013-03-19,3,3,,,1.0,
2013-03-21,4,5,,,0.8,
2013-07-05,1,4,,,0.25,
2013-08-19,9,14,,,0.6428571428571429,
2013-08-20,0,3,,,0.0,
2013-08-22,1,2,,,0.5,
2013-09-03,9,11,,,0.8181818181818182,
2014-01-03,1,1,,,1.0,
2014-01-06,0,16,,,0.0,
2014-01-07,1,13,,,0.07692307692307693,
2014-04-17,1,1,,,1.0,
2014-04-23,1,4,,,0.25,
2014-04-29,1,1,,,1.0,
2014-05-05,0,1,,,0.0,
2014-05-22,0,1,0.0,1.0,0.0,0.0
2014-06-05,0,2,0.0,1.0,0.0,0.0
2014-06-10,1,1,,,1.0,
2014-06-24,1,1,,,1.0,
2014-06-26,1,1,,,1.0,
2014-06-27,0,1,,,0.0,
2014-08-05,0,5,,,0.0,
2014-09-26,0,1,0.0,1.0,0.0,0.0
2014-10-09,1,1,1.0,1.0,1.0,1.0
2014-11-04,0,1,,,0.0,
2014-11-05,2,2,,,1.0,
2014-11-06,0,2,,,0.0,
2014-11-10,0,1,0.0,1.0,0.0,0.0
2014-11-18,1,1,1.0,1.0,1.0,1.0
2014-12-11,1,4,0.0,1.0,0.25,0.0
2014-12-29,1,1,,,1.0,
2014-12-30,0,1,,,0.0,
2015-01-13,1,2,,,0.5,
2015-01-15,2,3,,,0.6666666666666666,
2015-01-23,1,2,,,0.5,
2015-01-30,1,1,,,1.0,
2015-02-06,2,2,,,1.0,
2015-02-09,0,16,,,0.0,
2015-02-25,1,2,,,0.5,
2015-03-10,1,2,1.0,1.0,0.5,1.0
2015-03-11,1,1,,,1.0,
2015-04-10,1,1,,,1.0,
2015-04-14,0,1,,,0.0,
2015-04-15,2,2,,,1.0,
2015-04-17,0,2,,,0.0,
2015-05-06,1,1,,,1.0,
2015-05-07,1,8,,,0.125,
2015-06-02,3,3,,,1.0,
2015-06-08,0,1,,,0.0,
2015-06-09,1,1,,,1.0,
2015-06-10,0,18,,,0.0,
2015-06-18,0,1,,,0.0,
2015-06-25,1,1,,,1.0,
2015-07-17,1,1,,,1.0,
2015-07-20,0,1,,,0.0,
2015-07-31,0,1,,,0.0,
2015-08-03,0,1,0.0,1.0,0.0,0.0
2015-08-05,1,1,,,1.0,
2015-10-07,0,3,,,0.0,
2015-10-08,1,1,,,1.0,
2015-11-02,2,2,,,1.0,
2015-11-11,0,1,,,0.0,
2015-12-18,0,1,,,0.0,
2015-12-21,1,1,,,1.0,
2016-01-12,0,2,0.0,2.0,0.0,0.0
2016-01-13,0,2,0.0,2.0,0.0,0.0
2016-01-15,1,1,,,1.0,
2016-01-22,0,1,,,0.0,
2016-02-26,1,3,,,0.3333333333333333,
2016-03-01,0,1,0.0,1.0,0.0,0.0
2016-03-02,1,2,,,0.5,
2016-03-16,1,1,,,1.0,
2016-03-17,0,1,,,0.0,
2016-04-22,0,1,,,0.0,
2016-04-26,1,1,,,1.0,
2016-05-02,0,1,,,0.0,
2016-05-03,4,4,,,1.0,
2016-05-04,0,1,0.0,1.0,0.0,0.0
2016-05-10,0,1,0.0,1.0,0.0,0.0
2016-06-07,7,8,,,0.875,
2016-06-09,4,5,,,0.8,
2016-06-17,3,3,,,1.0,
2016-06-20,0,3,,,0.0,
2016-06-27,1,1,,,1.0,
2016-06-29,0,2,,,0.0,
2016-06-30,1,1,,,1.0,
2016-07-01,0,1,,,0.0,
2016-07-05,1,2,,,0.5,
2016-07-06,0,4,,,0.0,
2016-07-07,4,13,,,0.3076923076923077,
2016-07-08,3,3,,,1.0,
2016-07-11,0,1,,,0.0,
2016-07-18,1,2,,,0.5,
2016-07-27,1,1,,,1.0,
2016-08-11,1,1,,,1.0,
2016-08-18,0,1,,,0.0,
2016-08-23,1,1,,,1.0,
2016-09-06,0,1,,,0.0,
2016-09-12,0,1,0.0,1.0,0.0,0.0
2016-09-22,1,1,,,1.0,
2016-09-27,1,1,,,1.0,
2016-10-03,0,1,,,0.0,
2016-10-25,1,1,1.0,1.0,1.0,1.0
2016-11-08,1,8,,,0.125,
2016-11-15,0,1,,,0.0,
2016-11-18,6,6,5.0,5.0,1.0,1.0
2016-11-28,1,1,,,1.0,
2016-12-05,0,1,,,0.0,
2016-12-08,0,1,,,0.0,
2016-12-14,0,1,0.0,1.0,0.0,0.0
2017-01-27,1,1,1.0,1.0,1.0,1.0
2017-01-30,1,1,1.0,1.0,1.0,1.0
2017-01-31,1,1,1.0,1.0,1.0,1.0
2017-02-10,1,1,1.0,1.0,1.0,1.0
2017-02-21,1,1,1.0,1.0,1.0,1.0
2017-03-07,2,3,1.0,1.0,0.6666666666666666,1.0
2017-03-10,0,1,0.0,1.0,0.0,0.0
2017-03-16,3,3,3.0,3.0,1.0,1.0
2017-03-24,1,1,1.0,1.0,1.0,1.0
2017-03-28,4,4,4.0,4.0,1.0,1.0
2017-04-03,1,1,1.0,1.0,1.0,1.0
2017-04-25,1,1,1.0,1.0,1.0,1.0
2017-05-16,1,1,1.0,1.0,1.0,1.0
2017-05-22,1,1,1.0,1.0,1.0,1.0
2017-06-22,3,4,,,0.75,
2017-07-17,1,1,1.0,1.0,1.0,1.0
2017-07-28,1,1,1.0,1.0,1.0,1.0
2017-08-01,1,1,1.0,1.0,1.0,1.0
2017-08-28,1,1,1.0,1.0,1.0,1.0
2017-09-05,1,1,1.0,1.0,1.0,1.0
2017-09-06,1,2,,,0.5,
2017-09-21,3,4,,,0.75,
2017-10-05,1,1,,,1.0,
2017-10-11,2,3,,,0.6666666666666666,
2017-10-17,0,4,0.0,4.0,0.0,0.0
2017-10-20,0,1,0.0,1.0,0.0,0.0
2017-11-01,1,1,,,1.0,
2017-11-02,0,1,,,0.0,
2017-11-20,1,1,1.0,1.0,1.0,1.0
2017-12-14,1,1,,,1.0,
2017-12-15,0,1,,,0.0,
2017-12-22,1,1,1.0,1.0,1.0,1.0
2017-12-29,4,4,,,1.0,
2018-01-02,0,3,,,0.0,
2018-01-04,0,3,,,0.0,
2018-02-08,0,1,,,0.0,
2018-02-09,1,1,,,1.0,
2018-02-21,1,2,1.0,1.0,0.5,1.0
2018-03-09,0,1,0.0,1.0,0.0,0.0
2018-03-20,1,2,1.0,2.0,0.5,0.5
2018-03-22,0,4,0.0,4.0,0.0,0.0
2018-04-16,0,3,0.0,3.0,0.0,0.0
2018-04-18,1,1,1.0,1.0,1.0,1.0
2018-04-20,1,1,1.0,1.0,1.0,1.0
2018-05-21,0,1,0.0,1.0,0.0,0.0
2018-05-25,1,1,1.0,1.0,1.0,1.0
2018-06-13,0,1,0.0,1.0,0.0,0.0
2018-06-19,1,2,,,0.5,
2018-07-03,1,1,1.0,1.0,1.0,1.0
2018-07-16,1,1,,,1.0,
2018-08-10,1,1,1.0,1.0,1.0,1.0
2018-08-17,0,1,0.0,1.0,0.0,0.0
2018-08-27,2,2,2.0,2.0,1.0,1.0
2018-09-27,3,3,3.0,3.0,1.0,1.0
2018-10-18,0,1,0.0,1.0,0.0,0.0
2018-10-22,1,1,,,1.0,
2018-10-30,0,1,0.0,1.0,0.0,0.0
2018-11-16,1,1,1.0,1.0,1.0,1.0
2018-11-21,2,2,2.0,2.0,1.0,1.0
2018-11-28,1,2,,,0.5,
2018-11-29,30,30,,,1.0,
2018-12-28,0,4,0.0,4.0,0.0,0.0
2019-01-09,0,1,0.0,1.0,0.0,0.0
2019-01-11,1,1,1.0,1.0,1.0,1.0
2019-01-14,1,1,,,1.0,
2019-01-21,1,1,1.0,1.0,1.0,1.0
2019-01-29,1,1,1.0,1.0,1.0,1.0
2019-02-13,2,2,2.0,2.0,1.0,1.0
2019-02-22,1,1,1.0,1.0,1.0,1.0
2019-03-06,18,18,18.0,18.0,1.0,1.0
2019-03-07,1,1,1.0,1.0,1.0,1.0
2019-03-12,3,3,3.0,3.0,1.0,1.0
2019-03-21,0,2,,,0.0,
2019-03-22,1,1,1.0,1.0,1.0,1.0
2019-03-25,0,2,0.0,2.0,0.0,0.0
2019-03-29,1,1,1.0,1.0,1.0,1.0
2019-04-05,2,2,,,1.0,
2019-04-08,0,6,,,0.0,
2019-04-09,0,14,,,0.0,
2019-04-12,0,1,,,0.0,
2019-04-15,1,1,,,1.0,
2019-04-18,1,1,,,1.0,
2019-04-25,0,1,0.0,1.0,0.0,0.0
2019-05-03,4,5,4.0,5.0,0.8,0.8
2019-05-05,18,18,18.0,18.0,1.0,1.0
2019-05-06,0,2,0.0,2.0,0.0,0.0
2019-05-24,1,1,1.0,1.0,1.0,1.0
2019-06-06,0,1,,,0.0,
2019-06-07,28,28,1.0,1.0,1.0,1.0
2019-06-10,1,1,1.0,1.0,1.0,1.0
2019-06-20,1,1,1.0,1.0,1.0,1.0
2019-07-01,0,2,0.0,2.0,0.0,0.0
2019-07-05,0,1,0.0,1.0,0.0,0.0
2019-07-08,2,5,,,0.4,
2019-07-09,0,19,,,0.0,
2019-07-10,1,1,,,1.0,
2019-07-11,0,1,0.0,1.0,0.0,0.0
2019-07-12,0,1,,,0.0,
2019-07-22,1,1,,,1.0,
2019-08-07,1,1,1.0,1.0,1.0,1.0
2019-08-08,0,2,0.0,2.0,0.0,0.0
2019-08-15,0,2,0.0,2.0,0.0,0.0
2019-08-20,1,1,1.0,1.0,1.0,1.0
2019-08-21,1,1,1.0,1.0,1.0,1.0
2019-08-22,0,1,0.0,1.0,0.0,0.0
2019-08-23,16,19,1.0,2.0,0.8421052631578947,0.5
2019-08-26,56,56,19.0,19.0,1.0,1.0
2019-08-29,1,1,1.0,1.0,1.0,1.0
2019-09-09,18,31,,,0.5806451612903226,
2019-09-10,1,1,1.0,1.0,1.0,1.0
2019-09-11,1,1,1.0,1.0,1.0,1.0
2019-09-13,0,1,0.0,1.0,0.0,0.0
2019-09-16,1,1,1.0,1.0,1.0,1.0
2019-09-17,1,1,1.0,1.0,1.0,1.0
2019-09-19,1,1,1.0,1.0,1.0,1.0
2019-09-26,0,1,,,0.0,
2019-10-07,1,1,,,1.0,
2019-10-08,0,4,,,0.0,
2019-10-09,0,6,,,0.0,
2019-10-11,0,1,0.0,1.0,0.0,0.0
2019-10-17,1,1,1.0,1.0,1.0,1.0
2019-10-21,1,1,,,1.0,
2019-11-01,0,1,,,0.0,
2019-11-04,0,1,,,0.0,
2019-11-05,2,2,1.0,1.0,1.0,1.0
2019-11-07,0,2,0.0,2.0,0.0,0.0
2019-11-18,1,1,1.0,1.0,1.0,1.0
2019-11-19,0,1,0.0,1.0,0.0,0.0
2019-11-20,3,3,3.0,3.0,1.0,1.0
2019-11-26,1,1,1.0,1.0,1.0,1.0
2019-12-09,2,2,2.0,2.0,1.0,1.0
2019-12-16,0,1,0.0,1.0,0.0,0.0
2019-12-17,1,1,1.0,1.0,1.0,1.0
2019-12-19,0,1,0.0,1.0,0.0,0.0
2020-01-13,0,2,0.0,2.0,0.0,0.0
2020-01-14,1,1,,,1.0,
2020-01-16,1,1,1.0,1.0,1.0,1.0
2020-01-21,1,1,1.0,1.0,1.0,1.0
2020-01-22,2,2,2.0,2.0,1.0,1.0
2020-01-28,1,1,,,1.0,
2020-02-03,0,3,0.0,1.0,0.0,0.0
2020-02-05,0,1,0.0,1.0,0.0,0.0
2020-02-11,1,1,,,1.0,
2020-02-20,1,1,1.0,1.0,1.0,1.0
2020-02-24,1,1,1.0,1.0,1.0,1.0
2020-02-25,1,1,1.0,1.0,1.0,1.0
2020-02-26,3,3,3.0,3.0,1.0,1.0
2020-02-27,1,1,1.0,1.0,1.0,1.0
2020-02-28,2,2,2.0,2.0,1.0,1.0
2020-03-02,1,1,1.0,1.0,1.0,1.0
2020-03-03,1,1,1.0,1.0,1.0,1.0
2020-03-05,1,2,1.0,1.0,0.5,1.0
2020-03-06,1,3,,,0.3333333333333333,
2020-03-09,1,2,1.0,1.0,0.5,1.0
2020-03-10,1,2,1.0,1.0,0.5,1.0
2020-03-11,1,1,1.0,1.0,1.0,1.0
2020-03-12,0,2,,,0.0,
2020-03-13,4,6,4.0,4.0,0.6666666666666666,1.0
2020-03-16,1,1,1.0,1.0,1.0,1.0
2020-03-18,1,1,1.0,1.0,1.0,1.0
2020-03-19,0,2,0.0,1.0,0.0,0.0
2020-03-20,0,1,,,0.0,
2020-04-01,1,1,,,1.0,
2020-04-02,1,1,,,1.0,
2020-04-03,1,1,,,1.0,
2020-04-06,1,1,,,1.0,
2020-04-07,1,1,,,1.0,
2020-04-08,1,1,,,1.0,
2020-04-09,1,2,,,0.5,
2020-04-11,0,2,,,0.0,
2020-04-13,3,4,1.0,1.0,0.75,1.0
2020-04-14,3,3,2.0,2.0,1.0,1.0
2020-04-15,1,1,,,1.0,
2020-04-16,1,1,,,1.0,
2020-04-17,1,1,,,1.0,
2020-04-20,2,2,1.0,1.0,1.0,1.0
2020-04-21,1,1,,,1.0,
2020-04-22,1,1,,,1.0,
2020-04-23,2,2,1.0,1.0,1.0,1.0
2020-04-27,0,1,,,0.0,
2020-04-28,1,1,,,1.0,
2020-05-01,1,1,1.0,1.0,1.0,1.0
2020-05-04,1,1,1.0,1.0,1.0,1.0
2020-05-05,0,1,0.0,1.0,0.0,0.0
2020-05-07,1,1,1.0,1.0,1.0,1.0
2020-05-14,0,1,,,0.0,
2020-05-18,0,1,0.0,1.0,0.0,0.0
2020-05-19,1,1,1.0,1.0,1.0,1.0
2020-05-20,0,1,0.0,1.0,0.0,0.0
2020-05-21,0,1,,,0.0,
2020-05-22,1,1,1.0,1.0,1.0,1.0
2020-05-27,0,3,,,0.0,
2020-05-28,0,2,0.0,2.0,0.0,0.0
2020-05-29,0,2,0.0,2.0,0.0,0.0
2020-06-02,0,2,0.0,2.0,0.0,0.0
2020-06-04,0,1,0.0,1.0,0.0,0.0
2020-06-08,0,1,,,0.0,
2020-06-09,1,2,1.0,1.0,0.5,1.0
2020-06-10,7,15,,,0.4666666666666667,
2020-06-12,1,1,1.0,1.0,1.0,1.0
2020-06-22,1,1,1.0,1.0,1.0,1.0
2020-06-30,1,2,1.0,1.0,0.5,1.0
2020-07-06,0,2,0.0,2.0,0.0,0.0
2020-07-07,0,1,0.0,1.0,0.0,0.0
2020-07-20,1,1,,,1.0,
2020-07-23,1,1,1.0,1.0,1.0,1.0
2020-07-28,2,2,1.0,1.0,1.0,1.0
2020-07-29,1,1,,,1.0,
2020-07-30,1,1,,,1.0,
2020-07-31,2,3,1.0,2.0,0.6666666666666666,0.5
2020-08-03,3,3,2.0,2.0,1.0,1.0
2020-08-04,1,1,,,1.0,
2020-08-06,0,1,0.0,1.0,0.0,0.0
2020-08-11,2,2,1.0,1.0,1.0,1.0
2020-08-14,2,2,,,1.0,
2020-08-18,3,5,3.0,3.0,0.6,1.0
2020-08-19,0,2,0.0,2.0,0.0,0.0
2020-08-21,1,1,1.0,1.0,1.0,1.0
2020-08-27,0,15,,,0.0,
2020-08-28,1,2,,,0.5,
2020-08-31,2,2,2.0,2.0,1.0,1.0
2020-09-01,1,1,,,1.0,
2020-09-03,18,18,18.0,18.0,1.0,1.0
2020-09-08,2,2,2.0,2.0,1.0,1.0
2020-09-10,0,2,0.0,1.0,0.0,0.0
2020-09-14,1,1,1.0,1.0,1.0,1.0
2020-09-18,1,1,1.0,1.0,1.0,1.0
2020-09-29,25,25,,,1.0,
2020-09-30,3,4,1.0,1.0,0.75,1.0
2020-10-01,1,1,1.0,1.0,1.0,1.0
2020-10-09,18,20,18.0,18.0,0.9,1.0
2020-10-13,0,4,,,0.0,
2020-10-14,0,4,,,0.0,
2020-10-15,0,2,,,0.0,
2020-10-19,1,2,0.0,1.0,0.5,0.0
2020-10-20,0,6,0.0,6.0,0.0,0.0
2020-10-22,1,1,1.0,1.0,1.0,1.0
2020-10-26,3,3,3.0,3.0,1.0,1.0
2020-10-27,0,1,0.0,1.0,0.0,0.0
2020-10-28,1,1,1.0,1.0,1.0,1.0
2020-10-29,0,1,0.0,1.0,0.0,0.0
2020-11-01,0,2,,,0.0,
2020-11-03,0,1,0.0,1.0,0.0,0.0
2020-11-05,0,1,0.0,1.0,0.0,0.0
2020-11-06,0,5,0.0,1.0,0.0,0.0
2020-11-10,0,3,,,0.0,
2020-11-11,0,2,0.0,2.0,0.0,0.0
2020-11-12,0,1,,,0.0,
2020-11-13,0,8,0.0,2.0,0.0,0.0
2020-11-16,0,1,0.0,1.0,0.0,0.0
2020-11-17,0,1,0.0,1.0,0.0,0.0
2020-11-19,0,1,0.0,1.0,0.0,0.0
2020-11-20,1,2,1.0,2.0,0.5,0.5
2020-11-23,2,2,2.0,2.0,1.0,1.0
2020-11-24,0,1,,,0.0,
2020-11-25,1,2,1.0,1.0,0.5,1.0
2020-11-30,0,1,,,0.0,
2020-12-01,1,2,0.0,1.0,0.5,0.0
2020-12-02,0,1,0.0,1.0,0.0,0.0
2020-12-03,0,1,0.0,1.0,0.0,0.0
2020-12-04,0,1,,,0.0,
2020-12-07,1,2,1.0,1.0,0.5,1.0
2020-12-08,3,3,2.0,2.0,1.0,1.0
2020-12-09,1,1,1.0,1.0,1.0,1.0
2020-12-10,0,3,0.0,3.0,0.0,0.0
2020-12-11,1,2,1.0,2.0,0.5,0.5
2020-12-14,1,1,,,1.0,
2020-12-15,0,2,0.0,2.0,0.0,0.0
2020-12-16,0,3,,,0.0,
2020-12-17,0,3,,,0.0,
2020-12-18,1,4,1.0,3.0,0.25,0.3333333333333333
2020-12-22,1,3,1.0,3.0,0.3333333333333333,0.3333333333333333
2020-12-23,0,3,0.0,3.0,0.0,0.0
2020-12-28,0,1,0.0,1.0,0.0,0.0
2020-12-31,1,1,1.0,1.0,1.0,1.0
2021-01-04,0,1,0.0,1.0,0.0,0.0
2021-01-05,0,1,,,0.0,
2021-01-06,0,2,0.0,2.0,0.0,0.0
2021-01-07,1,1,1.0,1.0,1.0,1.0
2021-01-11,1,3,0.0,2.0,0.3333333333333333,0.0
2021-01-12,1,2,1.0,2.0,0.5,0.5
2021-01-15,1,2,1.0,1.0,0.5,1.0
2021-01-19,1,2,1.0,1.0,0.5,1.0
2021-01-25,2,3,2.0,3.0,0.6666666666666666,0.6666666666666666
2021-01-26,0,2,0.0,1.0,0.0,0.0
2021-01-27,0,1,0.0,1.0,0.0,0.0
2021-01-28,1,1,1.0,1.0,1.0,1.0
2021-02-01,0,1,0.0,1.0,0.0,0.0
2021-02-02,0,1,,,0.0,
2021-02-03,1,1,1.0,1.0,1.0,1.0
2021-02-04,0,1,,,0.0,
2021-02-05,0,2,0.0,2.0,0.0,0.0
2021-02-08,2,2,2.0,2.0,1.0,1.0
2021-02-09,0,3,0.0,3.0,0.0,0.0
2021-02-10,0,1,0.0,1.0,0.0,0.0
2021-02-11,0,2,,,0.0,
2021-02-12,0,1,,,0.0,
2021-02-16,0,1,,,0.0,
2021-02-17,3,3,3.0,3.0,1.0,1.0
2021-02-18,0,2,,,0.0,
2021-02-19,0,1,,,0.0,
2021-02-22,1,4,0.0,2.0,0.25,0.0
2021-02-23,0,1,0.0,1.0,0.0,0.0
2021-02-25,1,1,1.0,1.0,1.0,1.0
2021-02-26,1,2,1.0,2.0,0.5,0.5
2021-03-01,2,4,1.0,3.0,0.5,0.3333333333333333
2021-03-02,0,2,0.0,2.0,0.0,0.0
2021-03-03,0,1,0.0,1.0,0.0,0.0
2021-03-05,1,1,1.0,1.0,1.0,1.0
2021-03-08,1,4,0.0,1.0,0.25,0.0
2021-03-09,4,5,3.0,3.0,0.8,1.0
2021-03-10,3,5,2.0,4.0,0.6,0.5
2021-03-11,0,2,0.0,2.0,0.0,0.0
2021-03-12,2,3,1.0,2.0,0.6666666666666666,0.5
2021-03-14,1,1,1.0,1.0,1.0,1.0
2021-03-15,0,2,0.0,2.0,0.0,0.0
2021-03-16,1,3,1.0,3.0,0.3333333333333333,0.3333333333333333
2021-03-17,2,2,1.0,1.0,1.0,1.0
2021-03-19,2,2,1.0,1.0,1.0,1.0
2021-03-23,0,2,0.0,2.0,0.0,0.0
2021-03-24,1,1,,,1.0,
2021-03-25,1,1,,,1.0,
2021-03-26,1,2,1.0,1.0,0.5,1.0
2021-03-29,4,4,3.0,3.0,1.0,1.0
2021-03-30,1,1,1.0,1.0,1.0,1.0
2021-03-31,2,2,2.0,2.0,1.0,1.0
2021-04-01,0,1,,,0.0,
2021-04-05,1,2,1.0,1.0,0.5,1.0
2021-04-07,0,1,,,0.0,
2021-04-08,2,4,1.0,2.0,0.5,0.5
2021-04-09,0,1,,,0.0,
2021-04-13,4,4,3.0,3.0,1.0,1.0
2021-04-14,0,1,,,0.0,
2021-04-15,3,3,3.0,3.0,1.0,1.0
2021-04-16,1,1,1.0,1.0,1.0,1.0
2021-04-19,1,1,,,1.0,
2021-04-23,0,2,0.0,2.0,0.0,0.0
2021-04-26,0,1,,,0.0,
2021-04-29,1,3,1.0,1.0,0.3333333333333333,1.0
2021-04-30,0,2,0.0,1.0,0.0,0.0
2021-05-03,1,3,1.0,2.0,0.3333333333333333,0.5
2021-05-04,0,1,0.0,1.0,0.0,0.0
2021-05-05,0,1,0.0,1.0,0.0,0.0
2021-05-07,1,1,1.0,1.0,1.0,1.0
2021-05-10,0,1,0.0,1.0,0.0,0.0
2021-05-11,0,1,0.0,1.0,0.0,0.0
2021-05-12,1,1,1.0,1.0,1.0,1.0
2021-05-14,1,2,1.0,2.0,0.5,0.5
2021-05-17,0,2,0.0,2.0,0.0,0.0
2021-05-19,0,1,0.0,1.0,0.0,0.0
2021-05-20,0,1,,,0.0,
2021-05-21,1,3,1.0,2.0,0.3333333333333333,0.5
2021-05-24,1,1,1.0,1.0,1.0,1.0
2021-05-25,1,1,1.0,1.0,1.0,1.0
2021-05-26,2,2,2.0,2.0,1.0,1.0
2021-06-01,0,2,0.0,2.0,0.0,0.0
2021-06-02,2,5,,,0.4,
2021-06-07,0,1,0.0,1.0,0.0,0.0
2021-06-08,0,1,0.0,1.0,0.0,0.0
2021-06-09,1,4,0.0,3.0,0.25,0.0
2021-06-11,4,4,3.0,3.0,1.0,1.0
2021-06-14,1,1,,,1.0,
2021-06-15,2,3,1.0,2.0,0.6666666666666666,0.5
2021-06-16,2,2,1.0,1.0,1.0,1.0
2021-06-17,1,1,,,1.0,
2021-06-18,2,2,1.0,1.0,1.0,1.0
2021-06-21,1,1,1.0,1.0,1.0,1.0
2021-06-22,1,1,1.0,1.0,1.0,1.0
2021-06-23,1,2,1.0,2.0,0.5,0.5
2021-06-24,1,1,,,1.0,
2021-06-28,1,1,,,1.0,
2021-06-30,1,1,1.0,1.0,1.0,1.0
2021-07-01,1,2,0.0,1.0,0.5,0.0
2021-07-02,1,2,1.0,2.0,0.5,0.5
2021-07-06,1,4,0.0,1.0,0.25,0.0
2021-07-07,1,1,,,1.0,
2021-07-08,2,3,1.0,2.0,0.6666666666666666,0.5
2021-07-09,1,2,0.0,1.0,0.5,0.0
2021-07-12,1,1,,,1.0,
2021-07-14,0,1,0.0,1.0,0.0,0.0
2021-07-15,1,2,0.0,1.0,0.5,0.0
2021-07-16,2,2,2.0,2.0,1.0,1.0
2021-07-19,2,2,1.0,1.0,1.0,1.0
2021-07-20,1,1,1.0,1.0,1.0,1.0
2021-07-22,0,2,,,0.0,
2021-07-23,0,1,,,0.0,
2021-07-26,1,2,1.0,1.0,0.5,1.0
2021-07-28,0,1,0.0,1.0,0.0,0.0
2021-07-29,2,3,2.0,2.0,0.6666666666666666,1.0
2021-07-30,0,1,,,0.0,
2021-08-02,0,1,0.0,1.0,0.0,0.0
2021-08-04,1,1,1.0,1.0,1.0,1.0
2021-08-05,1,3,0.0,1.0,0.3333333333333333,0.0
2021-08-06,1,2,,,0.5,
2021-08-10,2,3,2.0,2.0,0.6666666666666666,1.0
2021-08-11,2,3,2.0,2.0,0.6666666666666666,1.0
2021-08-12,3,6,0.0,1.0,0.5,0.0
2021-08-13,2,4,0.0,1.0,0.5,0.0
2021-08-16,0,1,,,0.0,
2021-08-18,1,2,1.0,1.0,0.5,1.0
2021-08-19,1,2,1.0,2.0,0.5,0.5
2021-08-20,1,2,1.0,1.0,0.5,1.0
2021-08-23,3,3,1.0,1.0,1.0,1.0
2021-08-24,0,1,,,0.0,
2021-08-25,1,1,1.0,1.0,1.0,1.0
2021-08-26,4,4,4.0,4.0,1.0,1.0
2021-08-30,0,2,,,0.0,
2021-08-31,0,1,,,0.0,
2021-09-01,4,5,3.0,3.0,0.8,1.0
2021-09-03,1,2,,,0.5,
2021-09-07,1,2,0.0,1.0,0.5,0.0
2021-09-09,1,1,1.0,1.0,1.0,1.0
2021-09-10,4,4,4.0,4.0,1.0,1.0
2021-09-13,0,1,0.0,1.0,0.0,0.0
2021-09-14,1,2,1.0,2.0,0.5,0.5
2021-09-15,1,1,,,1.0,
2021-09-16,2,2,2.0,2.0,1.0,1.0
2021-09-17,2,3,2.0,3.0,0.6666666666666666,0.6666666666666666
2021-09-21,2,2,,,1.0,
2021-09-23,0,1,,,0.0,
2021-09-27,0,4,0.0,2.0,0.0,0.0
2021-09-28,0,1,0.0,1.0,0.0,0.0
2021-09-29,0,2,0.0,1.0,0.0,0.0
2021-09-30,1,2,1.0,1.0,0.5,1.0
2021-10-01,7,15,1.0,1.0,0.4666666666666667,1.0
2021-10-05,2,4,2.0,3.0,0.5,0.6666666666666666
2021-10-06,0,1,0.0,1.0,0.0,0.0
2021-10-07,1,4,1.0,1.0,0.25,1.0
2021-10-08,0,2,,,0.0,
2021-10-11,1,1,1.0,1.0,1.0,1.0
2021-10-12,0,1,,,0.0,
2021-10-13,1,1,1.0,1.0,1.0,1.0
2021-10-14,1,1,1.0,1.0,1.0,1.0
2021-10-15,2,3,2.0,2.0,0.6666666666666666,1.0
2021-10-18,1,1,1.0,1.0,1.0,1.0
2021-10-19,0,1,0.0,1.0,0.0,0.0
2021-10-25,1,3,0.0,1.0,0.3333333333333333,0.0
2021-10-26,0,5,0.0,2.0,0.0,0.0
2021-10-28,2,2,2.0,2.0,1.0,1.0
2021-10-29,2,2,2.0,2.0,1.0,1.0
2021-11-01,2,4,2.0,4.0,0.5,0.5
2021-11-02,3,3,3.0,3.0,1.0,1.0
2021-11-04,0,3,0.0,3.0,0.0,0.0
2021-11-08,1,2,1.0,2.0,0.5,0.5
2021-11-09,1,1,1.0,1.0,1.0,1.0
2021-11-10,0,1,0.0,1.0,0.0,0.0
2021-11-15,4,7,4.0,7.0,0.5714285714285714,0.5714285714285714
2021-11-16,1,2,1.0,2.0,0.5,0.5
2021-11-17,0,2,0.0,1.0,0.0,0.0
2021-11-18,0,2,0.0,2.0,0.0,0.0
2021-11-22,0,9,0.0,8.0,0.0,0.0
2021-11-23,1,10,1.0,10.0,0.1,0.1
2021-11-24,1,22,0.0,21.0,0.045454545454545456,0.0
2021-11-26,1,7,1.0,7.0,0.14285714285714285,0.14285714285714285
2021-11-29,1,27,0.0,25.0,0.037037037037037035,0.0
2021-11-30,3,26,3.0,26.0,0.11538461538461539,0.11538461538461539
2021-12-01,3,11,1.0,9.0,0.2727272727272727,0.1111111111111111
2021-12-02,2,28,2.0,28.0,0.07142857142857142,0.07142857142857142
2021-12-03,0,6,0.0,6.0,0.0,0.0
2021-12-06,0,13,0.0,13.0,0.0,0.0
2021-12-07,0,12,0.0,12.0,0.0,0.0
2021-12-08,0,23,0.0,23.0,0.0,0.0
2021-12-09,1,1,1.0,1.0,1.0,1.0
2021-12-10,11,13,3.0,5.0,0.8461538461538461,0.6
2021-12-13,3,3,,,1.0,
2021-12-14,1,1,1.0,1.0,1.0,1.0
2021-12-15,3,3,3.0,3.0,1.0,1.0
2021-12-16,1,2,1.0,2.0,0.5,0.5
2021-12-17,3,6,3.0,4.0,0.5,0.75
2021-12-20,1,3,1.0,2.0,0.3333333333333333,0.5
2021-12-21,0,3,,,0.0,
2021-12-23,0,1,,,0.0,
2021-12-28,4,4,4.0,4.0,1.0,1.0
2021-12-29,4,4,4.0,4.0,1.0,1.0
2021-12-30,0,1,,,0.0,
2021-12-31,2,2,2.0,2.0,1.0,1.0
2022-01-03,0,2,0.0,1.0,0.0,0.0
2022-01-04,2,3,2.0,2.0,0.6666666666666666,1.0
2022-01-05,3,5,1.0,2.0,0.6,0.5
2022-01-06,3,5,3.0,3.0,0.6,1.0
2022-01-07,1,1,1.0,1.0,1.0,1.0
2022-01-10,2,2,1.0,1.0,1.0,1.0
2022-01-11,2,2,2.0,2.0,1.0,1.0
2022-01-12,2,4,2.0,3.0,0.5,0.6666666666666666
2022-01-13,3,4,3.0,3.0,0.75,1.0
2022-01-14,2,2,2.0,2.0,1.0,1.0
2022-01-17,0,1,0.0,1.0,0.0,0.0
2022-01-18,5,5,5.0,5.0,1.0,1.0
2022-01-19,8,8,8.0,8.0,1.0,1.0
2022-01-20,3,3,3.0,3.0,1.0,1.0
2022-01-23,0,1,0.0,1.0,0.0,0.0
2022-01-25,1,1,1.0,1.0,1.0,1.0
2022-01-26,1,1,1.0,1.0,1.0,1.0
2022-01-27,1,2,1.0,2.0,0.5,0.5
2022-01-28,1,4,0.0,2.0,0.25,0.0
2022-01-31,1,1,1.0,1.0,1.0,1.0
2022-02-01,4,4,4.0,4.0,1.0,1.0
2022-02-03,2,5,1.0,3.0,0.4,0.3333333333333333
2022-02-04,12,14,,,0.8571428571428571,
2022-02-06,2,2,2.0,2.0,1.0,1.0
2022-02-07,1,1,1.0,1.0,1.0,1.0
2022-02-08,1,1,1.0,1.0,1.0,1.0
2022-02-09,2,4,1.0,2.0,0.5,0.5
2022-02-10,1,2,1.0,1.0,0.5,1.0
2022-02-11,3,5,3.0,4.0,0.6,0.75
2022-02-13,2,2,1.0,1.0,1.0,1.0
2022-02-14,3,3,2.0,2.0,1.0,1.0
2022-02-15,3,3,1.0,1.0,1.0,1.0
2022-02-16,3,5,2.0,4.0,0.6,0.5
2022-02-17,1,2,1.0,2.0,0.5,0.5
2022-02-18,1,1,1.0,1.0,1.0,1.0
2022-02-22,1,2,1.0,2.0,0.5,0.5
2022-02-23,1,3,1.0,3.0,0.3333333333333333,0.3333333333333333
2022-02-24,3,3,2.0,2.0,1.0,1.0
2022-02-25,3,4,3.0,4.0,0.75,0.75
2022-02-27,1,1,,,1.0,
2022-02-28,9,9,7.0,7.0,1.0,1.0
2022-03-01,2,4,1.0,3.0,0.5,0.3333333333333333
2022-03-02,1,1,1.0,1.0,1.0,1.0
2022-03-04,4,5,4.0,5.0,0.8,0.8
2022-03-08,3,5,3.0,4.0,0.6,0.75
2022-03-09,2,4,2.0,2.0,0.5,1.0
2022-03-10,1,1,,,1.0,
2022-03-11,1,3,1.0,2.0,0.3333333333333333,0.5
2022-03-14,7,9,7.0,8.0,0.7777777777777778,0.875
2022-03-15,8,12,7.0,9.0,0.6666666666666666,0.7777777777777778
2022-03-16,4,6,4.0,6.0,0.6666666666666666,0.6666666666666666
2022-03-17,3,10,3.0,9.0,0.3,0.3333333333333333
2022-03-18,3,7,3.0,6.0,0.42857142857142855,0.5
2022-03-21,1,2,0.0,1.0,0.5,0.0
2022-03-22,1,2,0.0,1.0,0.5,0.0
2022-03-23,1,4,1.0,4.0,0.25,0.25
2022-03-24,2,4,1.0,3.0,0.5,0.3333333333333333
2022-03-25,4,5,4.0,5.0,0.8,0.8
2022-03-27,0,1,0.0,1.0,0.0,0.0
2022-03-28,0,3,0.0,3.0,0.0,0.0
2022-03-29,4,9,2.0,7.0,0.4444444444444444,0.2857142857142857
2022-03-30,8,9,6.0,7.0,0.8888888888888888,0.8571428571428571
2022-03-31,19,21,15.0,16.0,0.9047619047619048,0.9375
2022-04-01,9,13,5.0,8.0,0.6923076923076923,0.625
2022-04-03,0,2,0.0,1.0,0.0,0.0
2022-04-04,3,3,1.0,1.0,1.0,1.0
2022-04-05,3,3,2.0,2.0,1.0,1.0
2022-04-06,4,4,,,1.0,
2022-04-07,6,6,5.0,5.0,1.0,1.0
2022-04-08,1,1,,,1.0,
2022-04-11,4,4,,,1.0,
2022-04-12,4,5,1.0,2.0,0.8,0.5
2022-04-13,2,2,1.0,1.0,1.0,1.0
2022-04-14,2,4,1.0,2.0,0.5,0.5
2022-04-18,3,5,2.0,4.0,0.6,0.5
2022-04-19,2,3,1.0,2.0,0.6666666666666666,0.5
2022-04-20,0,3,0.0,2.0,0.0,0.0
2022-04-21,2,3,2.0,3.0,0.6666666666666666,0.6666666666666666
2022-04-22,2,4,1.0,3.0,0.5,0.3333333333333333
2022-04-25,4,7,3.0,6.0,0.5714285714285714,0.5
2022-04-26,6,11,1.0,3.0,0.5454545454545454,0.3333333333333333
2022-04-27,2,4,0.0,1.0,0.5,0.0
2022-04-28,3,4,2.0,3.0,0.75,0.6666666666666666
2022-04-29,3,4,2.0,2.0,0.75,1.0
2022-05-02,4,4,3.0,3.0,1.0,1.0
2022-05-04,2,4,2.0,3.0,0.5,0.6666666666666666
2022-05-05,2,3,1.0,2.0,0.6666666666666666,0.5
2022-05-06,2,3,2.0,3.0,0.6666666666666666,0.6666666666666666
2022-05-09,2,4,1.0,2.0,0.5,0.5
2022-05-10,2,6,1.0,4.0,0.3333333333333333,0.25
2022-05-11,5,8,4.0,6.0,0.625,0.6666666666666666
2022-05-12,0,1,0.0,1.0,0.0,0.0
2022-05-13,6,9,5.0,7.0,0.6666666666666666,0.7142857142857143
2022-05-15,1,1,1.0,1.0,1.0,1.0
2022-05-16,5,7,3.0,5.0,0.7142857142857143,0.6
2022-05-17,4,5,3.0,4.0,0.8,0.75
2022-05-18,5,7,5.0,7.0,0.7142857142857143,0.7142857142857143
2022-05-19,2,3,2.0,3.0,0.6666666666666666,0.6666666666666666
2022-05-20,0,1,0.0,1.0,0.0,0.0
2022-05-23,3,7,3.0,5.0,0.42857142857142855,0.6
2022-05-24,2,3,0.0,1.0,0.6666666666666666,0.0
2022-05-25,0,5,0.0,4.0,0.0,0.0
2022-05-26,2,6,2.0,5.0,0.3333333333333333,0.4
2022-05-27,6,11,5.0,9.0,0.5454545454545454,0.5555555555555556
2022-05-30,0,1,0.0,1.0,0.0,0.0
2022-05-31,5,6,5.0,6.0,0.8333333333333334,0.8333333333333334
2022-06-01,3,5,2.0,4.0,0.6,0.5
2022-06-02,5,8,4.0,5.0,0.625,0.8
2022-06-03,2,9,1.0,6.0,0.2222222222222222,0.16666666666666666
2022-06-06,7,12,5.0,10.0,0.5833333333333334,0.5
2022-06-07,2,5,0.0,2.0,0.4,0.0
2022-06-08,2,3,1.0,2.0,0.6666666666666666,0.5
2022-06-09,5,8,4.0,7.0,0.625,0.5714285714285714
2022-06-10,3,6,2.0,5.0,0.5,0.4
2022-06-13,1,1,1.0,1.0,1.0,1.0
2022-06-14,5,8,5.0,8.0,0.625,0.625
2022-06-15,6,7,5.0,6.0,0.8571428571428571,0.8333333333333334
2022-06-16,9,11,8.0,9.0,0.8181818181818182,0.8888888888888888
2022-06-17,10,15,6.0,9.0,0.6666666666666666,0.6666666666666666
2022-06-21,3,4,3.0,4.0,0.75,0.75
2022-06-22,2,2,,,1.0,
2022-06-23,4,4,2.0,2.0,1.0,1.0
2022-06-24,7,8,5.0,6.0,0.875,0.8333333333333334
2022-06-25,0,1,0.0,1.0,0.0,0.0
2022-06-27,2,29,1.0,1.0,0.06896551724137931,1.0
2022-06-28,1,2,1.0,2.0,0.5,0.5
2022-06-29,6,6,5.0,5.0,1.0,1.0
2022-06-30,14,14,13.0,13.0,1.0,1.0
2022-07-01,10,15,9.0,14.0,0.6666666666666666,0.6428571428571429
2022-07-05,3,10,2.0,5.0,0.3,0.4
2022-07-06,3,5,2.0,3.0,0.6,0.6666666666666666
2022-07-07,3,3,2.0,2.0,1.0,1.0
2022-07-08,2,3,0.0,1.0,0.6666666666666666,0.0
2022-07-11,1,30,0.0,11.0,0.03333333333333333,0.0
2022-07-13,0,1,0.0,1.0,0.0,0.0
2022-07-14,3,5,1.0,3.0,0.6,0.3333333333333333
2022-07-15,3,5,2.0,4.0,0.6,0.5
2022-07-18,3,4,2.0,3.0,0.75,0.6666666666666666
2022-07-19,2,3,0.0,1.0,0.6666666666666666,0.0
2022-07-20,1,7,0.0,1.0,0.14285714285714285,0.0
2022-07-21,1,3,0.0,1.0,0.3333333333333333,0.0
2022-07-22,4,6,3.0,5.0,0.6666666666666666,0.6
2022-07-25,0,3,0.0,3.0,0.0,0.0
2022-07-26,4,8,3.0,6.0,0.5,0.5
2022-07-27,2,5,1.0,2.0,0.4,0.5
2022-07-28,3,6,2.0,5.0,0.5,0.4
2022-07-29,5,9,2.0,6.0,0.5555555555555556,0.3333333333333333
2022-08-01,7,14,6.0,11.0,0.5,0.5454545454545454
2022-08-02,3,8,2.0,5.0,0.375,0.4
2022-08-03,1,3,1.0,2.0,0.3333333333333333,0.5
2022-08-04,3,7,1.0,5.0,0.42857142857142855,0.2
2022-08-05,2,4,1.0,3.0,0.5,0.3333333333333333
2022-08-08,1,13,0.0,11.0,0.07692307692307693,0.0
2022-08-09,7,11,3.0,6.0,0.6363636363636364,0.5
2022-08-10,6,11,2.0,4.0,0.5454545454545454,0.5
2022-08-11,4,9,1.0,3.0,0.4444444444444444,0.3333333333333333
2022-08-12,6,18,2.0,6.0,0.3333333333333333,0.3333333333333333
2022-08-15,9,14,6.0,10.0,0.6428571428571429,0.6
2022-08-16,10,15,7.0,8.0,0.6666666666666666,0.875
2022-08-17,6,12,6.0,12.0,0.5,0.5
2022-08-18,3,6,3.0,4.0,0.5,0.75
2022-08-19,3,6,1.0,3.0,0.5,0.3333333333333333
2022-08-22,3,17,0.0,3.0,0.17647058823529413,0.0
2022-08-23,5,21,2.0,4.0,0.23809523809523808,0.5
2022-08-24,6,18,4.0,7.0,0.3333333333333333,0.5714285714285714
2022-08-25,1,4,1.0,1.0,0.25,1.0
2022-08-26,5,38,4.0,5.0,0.13157894736842105,0.8
2022-08-29,1,7,,,0.14285714285714285,
2022-08-30,6,8,5.0,7.0,0.75,0.7142857142857143
2022-08-31,8,12,5.0,7.0,0.6666666666666666,0.7142857142857143
2022-09-01,10,13,6.0,9.0,0.7692307692307693,0.6666666666666666
2022-09-02,17,20,10.0,12.0,0.85,0.8333333333333334
2022-09-06,3,8,2.0,5.0,0.375,0.4
2022-09-07,8,9,6.0,7.0,0.8888888888888888,0.8571428571428571
2022-09-08,5,8,3.0,6.0,0.625,0.5
2022-09-09,2,3,0.0,1.0,0.6666666666666666,0.0
2022-09-12,4,8,2.0,6.0,0.5,0.3333333333333333
2022-09-13,7,9,6.0,7.0,0.7777777777777778,0.8571428571428571
2022-09-14,4,6,3.0,5.0,0.6666666666666666,0.6
2022-09-15,11,12,7.0,8.0,0.9166666666666666,0.875
2022-09-16,15,24,12.0,17.0,0.625,0.7058823529411765
2022-09-19,6,14,4.0,11.0,0.42857142857142855,0.36363636363636365
2022-09-20,5,6,3.0,4.0,0.8333333333333334,0.75
2022-09-21,7,8,2.0,3.0,0.875,0.6666666666666666
2022-09-22,4,9,2.0,4.0,0.4444444444444444,0.5
2022-09-23,12,15,6.0,8.0,0.8,0.75
2022-09-26,12,15,6.0,8.0,0.8,0.75
2022-09-27,3,6,0.0,3.0,0.5,0.0
2022-09-28,9,17,3.0,6.0,0.5294117647058824,0.5
2022-09-29,18,20,10.0,12.0,0.9,0.8333333333333334
2022-09-30,28,34,25.0,28.0,0.8235294117647058,0.8928571428571429
2022-10-03,6,19,5.0,17.0,0.3157894736842105,0.29411764705882354
2022-10-04,1,5,1.0,3.0,0.2,0.3333333333333333
2022-10-05,1,3,0.0,1.0,0.3333333333333333,0.0
2022-10-06,6,10,3.0,4.0,0.6,0.75
2022-10-07,9,11,3.0,4.0,0.8181818181818182,0.75
2022-10-09,1,1,1.0,1.0,1.0,1.0
2022-10-10,22,23,12.0,13.0,0.9565217391304348,0.9230769230769231
2022-10-11,7,13,1.0,3.0,0.5384615384615384,0.3333333333333333
2022-10-12,6,9,0.0,2.0,0.6666666666666666,0.0
2022-10-13,3,6,1.0,2.0,0.5,0.5
2022-10-14,13,15,4.0,5.0,0.8666666666666667,0.8
2022-10-17,3,9,0.0,3.0,0.3333333333333333,0.0
2022-10-18,4,7,2.0,4.0,0.5714285714285714,0.5
2022-10-19,2,4,0.0,1.0,0.5,0.0
2022-10-20,5,7,1.0,1.0,0.7142857142857143,1.0
2022-10-21,5,10,0.0,3.0,0.5,0.0
2022-10-24,2,8,0.0,4.0,0.25,0.0
2022-10-25,3,8,3.0,6.0,0.375,0.5
2022-10-26,6,10,3.0,4.0,0.6,0.75
2022-10-27,3,6,1.0,1.0,0.5,1.0
2022-10-28,3,7,2.0,3.0,0.42857142857142855,0.6666666666666666
2022-10-31,6,12,2.0,5.0,0.5,0.4
2022-11-01,17,25,14.0,19.0,0.68,0.7368421052631579
2022-11-02,2,6,0.0,1.0,0.3333333333333333,0.0
2022-11-03,5,8,3.0,4.0,0.625,0.75
2022-11-04,1,11,0.0,6.0,0.09090909090909091,0.0
2022-11-07,3,6,3.0,3.0,0.5,1.0
2022-11-08,3,8,3.0,5.0,0.375,0.6
2022-11-09,6,11,5.0,6.0,0.5454545454545454,0.8333333333333334
2022-11-10,3,6,2.0,2.0,0.5,1.0
2022-11-11,1,6,1.0,2.0,0.16666666666666666,0.5
2022-11-14,2,8,0.0,2.0,0.25,0.0
2022-11-15,4,12,2.0,7.0,0.3333333333333333,0.2857142857142857
2022-11-16,2,9,0.0,5.0,0.2222222222222222,0.0
2022-11-17,2,10,1.0,6.0,0.2,0.16666666666666666
2022-11-18,2,10,1.0,5.0,0.2,0.2
2022-11-20,0,1,0.0,1.0,0.0,0.0
2022-11-21,4,13,0.0,5.0,0.3076923076923077,0.0
2022-11-22,8,23,4.0,9.0,0.34782608695652173,0.4444444444444444
2022-11-23,8,11,6.0,7.0,0.7272727272727273,0.8571428571428571
2022-11-24,0,4,0.0,4.0,0.0,0.0
2022-11-25,5,10,3.0,4.0,0.5,0.75
2022-11-28,21,29,4.0,7.0,0.7241379310344828,0.5714285714285714
2022-11-29,9,19,4.0,5.0,0.47368421052631576,0.8
2022-11-30,29,34,13.0,13.0,0.8529411764705882,1.0
2022-12-01,12,27,6.0,14.0,0.4444444444444444,0.42857142857142855
2022-12-02,9,18,5.0,8.0,0.5,0.625
2022-12-05,6,17,5.0,9.0,0.35294117647058826,0.5555555555555556
2022-12-06,15,27,10.0,17.0,0.5555555555555556,0.5882352941176471
2022-12-07,10,19,6.0,9.0,0.5263157894736842,0.6666666666666666
2022-12-08,13,27,6.0,15.0,0.48148148148148145,0.4
2022-12-09,9,19,4.0,9.0,0.47368421052631576,0.4444444444444444
2022-12-12,9,17,7.0,12.0,0.5294117647058824,0.5833333333333334
2022-12-13,8,13,5.0,8.0,0.6153846153846154,0.625
2022-12-14,8,17,6.0,13.0,0.47058823529411764,0.46153846153846156
2022-12-15,10,18,7.0,14.0,0.5555555555555556,0.5
2022-12-16,8,15,7.0,11.0,0.5333333333333333,0.6363636363636364
2022-12-19,8,17,3.0,11.0,0.47058823529411764,0.2727272727272727
2022-12-20,7,12,2.0,6.0,0.5833333333333334,0.3333333333333333
2022-12-21,14,23,6.0,14.0,0.6086956521739131,0.42857142857142855
2022-12-22,5,13,1.0,8.0,0.38461538461538464,0.125
2022-12-23,6,13,1.0,7.0,0.46153846153846156,0.14285714285714285
2022-12-25,0,2,0.0,2.0,0.0,0.0
2022-12-27,14,23,8.0,16.0,0.6086956521739131,0.5
2022-12-28,17,20,10.0,12.0,0.85,0.8333333333333334
2022-12-29,46,120,24.0,87.0,0.38333333333333336,0.27586206896551724
2022-12-30,169,258,146.0,214.0,0.6550387596899225,0.6822429906542056
2022-12-31,11,19,11.0,16.0,0.5789473684210527,0.6875
2023-01-01,3,8,3.0,7.0,0.375,0.42857142857142855
2023-01-02,0,2,0.0,2.0,0.0,0.0
2023-01-03,110,643,81.0,575.0,0.17107309486780714,0.1408695652173913
2023-01-04,60,362,37.0,302.0,0.16574585635359115,0.12251655629139073
2023-01-05,52,311,36.0,270.0,0.16720257234726688,0.13333333333333333
2023-01-06,56,215,33.0,170.0,0.26046511627906976,0.19411764705882353
2023-01-08,0,1,,,0.0,
2023-01-09,41,311,30.0,253.0,0.13183279742765272,0.11857707509881422
2023-01-10,53,276,37.0,224.0,0.19202898550724637,0.16517857142857142
2023-01-11,78,326,47.0,252.0,0.2392638036809816,0.1865079365079365
2023-01-12,45,221,21.0,165.0,0.20361990950226244,0.12727272727272726
2023-01-13,46,225,35.0,186.0,0.20444444444444446,0.1881720430107527
2023-01-14,0,6,0.0,6.0,0.0,0.0
2023-01-15,2,3,2.0,3.0,0.6666666666666666,0.6666666666666666
2023-01-16,1,1,1.0,1.0,1.0,1.0
2023-01-17,80,521,45.0,453.0,0.15355086372360843,0.09933774834437085
2023-01-18,75,412,56.0,355.0,0.1820388349514563,0.15774647887323945
2023-01-19,41,198,23.0,151.0,0.20707070707070707,0.152317880794702
2023-01-20,55,217,28.0,157.0,0.2534562211981567,0.17834394904458598
2023-01-21,0,1,,,0.0,
2023-01-23,58,266,34.0,201.0,0.21804511278195488,0.1691542288557214
2023-01-24,41,194,27.0,150.0,0.211340206185567,0.18
2023-01-25,76,240,53.0,187.0,0.31666666666666665,0.28342245989304815
2023-01-26,68,267,46.0,209.0,0.2546816479400749,0.22009569377990432
2023-01-27,109,387,77.0,312.0,0.28165374677002586,0.2467948717948718
2023-01-30,89,328,66.0,278.0,0.27134146341463417,0.23741007194244604
2023-01-31,102,394,74.0,335.0,0.25888324873096447,0.2208955223880597
2023-02-01,83,691,63.0,623.0,0.12011577424023155,0.10112359550561797
2023-02-02,65,726,48.0,610.0,0.08953168044077135,0.07868852459016394
2023-02-03,72,460,60.0,408.0,0.1565217391304348,0.14705882352941177
2023-02-04,0,10,0.0,10.0,0.0,0.0
2023-02-05,6,13,0.0,1.0,0.46153846153846156,0.0
2023-02-06,69,504,51.0,434.0,0.13690476190476192,0.1175115207373272
2023-02-07,57,513,45.0,459.0,0.1111111111111111,0.09803921568627451
2023-02-08,76,378,60.0,330.0,0.20105820105820105,0.18181818181818182
2023-02-09,61,428,41.0,380.0,0.1425233644859813,0.10789473684210527
2023-02-10,73,348,63.0,307.0,0.20977011494252873,0.20521172638436483
2023-02-11,0,2,0.0,1.0,0.0,0.0
2023-02-13,72,444,56.0,401.0,0.16216216216216217,0.1396508728179551
2023-02-14,92,463,72.0,419.0,0.19870410367170627,0.1718377088305489
2023-02-15,75,515,62.0,483.0,0.14563106796116504,0.12836438923395446
2023-02-16,73,631,56.0,597.0,0.11568938193343899,0.09380234505862646
2023-02-17,93,478,81.0,442.0,0.19456066945606695,0.1832579185520362
2023-02-19,1,2,1.0,2.0,0.5,0.5
2023-02-20,1,3,1.0,3.0,0.3333333333333333,0.3333333333333333
2023-02-21,112,633,94.0,588.0,0.1769352290679305,0.1598639455782313
2023-02-22,77,471,60.0,418.0,0.16348195329087048,0.14354066985645933
2023-02-23,67,424,55.0,383.0,0.1580188679245283,0.14360313315926893
2023-02-24,86,326,69.0,285.0,0.26380368098159507,0.24210526315789474
2023-02-26,1,1,1.0,1.0,1.0,1.0
2023-02-27,64,609,45.0,554.0,0.10509031198686371,0.0812274368231047
2023-02-28,76,516,60.0,469.0,0.14728682170542637,0.1279317697228145
2023-03-01,86,761,76.0,723.0,0.11300919842312747,0.10511756569847856
2023-03-02,62,661,51.0,628.0,0.09379727685325265,0.08121019108280254
2023-03-03,80,611,68.0,564.0,0.1309328968903437,0.12056737588652482
2023-03-04,1,1,1.0,1.0,1.0,1.0
2023-03-05,1,2,1.0,2.0,0.5,0.5
2023-03-06,89,642,69.0,584.0,0.13862928348909656,0.11815068493150685
2023-03-07,98,494,80.0,440.0,0.19838056680161945,0.18181818181818182
2023-03-08,136,433,101.0,338.0,0.3140877598152425,0.2988165680473373
2023-03-09,142,541,125.0,502.0,0.26247689463955637,0.24900398406374502
2023-03-10,222,478,209.0,442.0,0.46443514644351463,0.47285067873303166
2023-03-11,1,1,1.0,1.0,1.0,1.0
2023-03-12,1,1,1.0,1.0,1.0,1.0
2023-03-13,308,651,277.0,599.0,0.4731182795698925,0.46243739565943237
2023-03-14,256,611,223.0,547.0,0.41898527004909986,0.4076782449725777
2023-03-15,241,610,205.0,547.0,0.3950819672131147,0.37477148080438755
2023-03-16,173,550,145.0,504.0,0.3145454545454546,0.2876984126984127
2023-03-17,178,399,156.0,358.0,0.44611528822055135,0.43575418994413406
2023-03-18,1,1,1.0,1.0,1.0,1.0
2023-03-20,101,291,90.0,257.0,0.3470790378006873,0.35019455252918286
2023-03-21,128,350,94.0,292.0,0.3657142857142857,0.3219178082191781
2023-03-22,166,321,123.0,257.0,0.5171339563862928,0.4785992217898833
2023-03-23,109,276,65.0,216.0,0.39492753623188404,0.30092592592592593
2023-03-24,122,266,89.0,193.0,0.45864661654135336,0.46113989637305697
2023-03-27,78,278,47.0,220.0,0.2805755395683453,0.21363636363636362
2023-03-28,79,235,48.0,173.0,0.33617021276595743,0.2774566473988439
2023-03-29,80,228,55.0,182.0,0.3508771929824561,0.3021978021978022
2023-03-30,46,181,33.0,146.0,0.2541436464088398,0.22602739726027396
2023-03-31,146,319,108.0,263.0,0.45768025078369906,0.41064638783269963
2023-04-01,10,18,8.0,12.0,0.5555555555555556,0.6666666666666666
2023-04-03,71,601,49.0,557.0,0.11813643926788686,0.08797127468581688
2023-04-04,68,297,48.0,255.0,0.22895622895622897,0.18823529411764706
2023-04-05,62,238,36.0,194.0,0.2605042016806723,0.18556701030927836
2023-04-06,75,245,48.0,195.0,0.30612244897959184,0.24615384615384617
2023-04-07,2,2,2.0,2.0,1.0,1.0
2023-04-08,0,1,,,0.0,
2023-04-10,51,233,35.0,190.0,0.21888412017167383,0.18421052631578946
2023-04-11,42,180,27.0,140.0,0.23333333333333334,0.19285714285714287
2023-04-12,41,197,30.0,164.0,0.20812182741116753,0.18292682926829268
2023-04-13,40,201,29.0,164.0,0.19900497512437812,0.17682926829268292
2023-04-14,91,230,64.0,165.0,0.39565217391304347,0.3878787878787879
2023-04-17,68,297,46.0,247.0,0.22895622895622897,0.1862348178137652
2023-04-18,31,165,19.0,137.0,0.18787878787878787,0.1386861313868613
2023-04-19,36,144,20.0,116.0,0.25,0.1724137931034483
2023-04-20,50,171,34.0,140.0,0.29239766081871343,0.24285714285714285
2023-04-21,60,222,46.0,186.0,0.2702702702702703,0.24731182795698925
2023-04-22,1,1,,,1.0,
2023-04-23,1,3,0.0,2.0,0.3333333333333333,0.0
2023-04-24,53,181,38.0,147.0,0.292817679558011,0.2585034013605442
2023-04-25,89,190,72.0,166.0,0.46842105263157896,0.43373493975903615
2023-04-26,102,185,90.0,162.0,0.5513513513513514,0.5555555555555556
2023-04-27,78,196,67.0,174.0,0.3979591836734694,0.3850574712643678
2023-04-28,144,415,126.0,375.0,0.3469879518072289,0.336
2023-04-30,0,1,0.0,1.0,0.0,0.0
2023-05-01,165,487,146.0,458.0,0.33880903490759756,0.31877729257641924
2023-05-02,272,490,257.0,465.0,0.5551020408163265,0.5526881720430108
2023-05-03,282,523,263.0,472.0,0.5391969407265774,0.5572033898305084
2023-05-04,307,549,275.0,510.0,0.5591985428051002,0.5392156862745098
2023-05-05,317,548,276.0,498.0,0.5784671532846716,0.5542168674698795
2023-05-06,1,1,1.0,1.0,1.0,1.0
2023-05-07,1,1,1.0,1.0,1.0,1.0
2023-05-08,206,455,182.0,408.0,0.45274725274725275,0.44607843137254904
2023-05-09,214,419,171.0,357.0,0.5107398568019093,0.4789915966386555
2023-05-10,186,455,150.0,366.0,0.4087912087912088,0.4098360655737705
2023-05-11,252,471,229.0,406.0,0.535031847133758,0.5640394088669951
2023-05-12,259,485,224.0,411.0,0.534020618556701,0.5450121654501217
2023-05-13,0,4,0.0,4.0,0.0,0.0
2023-05-15,239,705,202.0,635.0,0.33900709219858155,0.31811023622047246
2023-05-16,219,587,188.0,531.0,0.3730834752981261,0.3540489642184557
2023-05-17,214,547,179.0,481.0,0.3912248628884826,0.37214137214137216
2023-05-18,225,518,187.0,454.0,0.4343629343629344,0.4118942731277533
2023-05-19,246,515,212.0,442.0,0.47766990291262135,0.4796380090497738
2023-05-22,158,501,127.0,441.0,0.3153692614770459,0.28798185941043086
2023-05-23,236,575,217.0,476.0,0.41043478260869565,0.45588235294117646
2023-05-24,238,431,204.0,365.0,0.5522041763341067,0.5589041095890411
2023-05-25,276,500,250.0,449.0,0.552,0.5567928730512249
2023-05-26,224,440,203.0,395.0,0.509090909090909,0.5139240506329114
2023-05-28,1,1,1.0,1.0,1.0,1.0
2023-05-29,1,1,1.0,1.0,1.0,1.0
2023-05-30,239,523,205.0,452.0,0.4569789674952199,0.45353982300884954
2023-05-31,279,498,247.0,440.0,0.5602409638554217,0.5613636363636364
2023-06-01,216,710,189.0,655.0,0.30422535211267604,0.2885496183206107
2023-06-02,197,574,169.0,518.0,0.343205574912892,0.32625482625482627
2023-06-03,0,8,0.0,8.0,0.0,0.0
2023-06-04,0,1,0.0,1.0,0.0,0.0
2023-06-05,112,451,85.0,369.0,0.24833702882483372,0.23035230352303523
2023-06-06,171,522,145.0,440.0,0.3275862068965517,0.32954545454545453
2023-06-07,128,601,99.0,516.0,0.2129783693843594,0.19186046511627908
2023-06-08,87,368,68.0,293.0,0.23641304347826086,0.23208191126279865
2023-06-09,194,467,172.0,417.0,0.41541755888650966,0.41247002398081534
2023-06-10,0,1,,,0.0,
2023-06-12,89,440,69.0,369.0,0.20227272727272727,0.18699186991869918
2023-06-13,159,539,139.0,458.0,0.2949907235621521,0.3034934497816594
2023-06-14,206,589,169.0,505.0,0.34974533106960953,0.3346534653465347
2023-06-15,166,604,134.0,530.0,0.27483443708609273,0.2528301886792453
2023-06-16,107,473,76.0,382.0,0.226215644820296,0.19895287958115182
2023-06-19,2,3,2.0,3.0,0.6666666666666666,0.6666666666666666
2023-06-20,81,378,59.0,322.0,0.21428571428571427,0.18322981366459629
2023-06-21,76,319,45.0,251.0,0.23824451410658307,0.17928286852589642
2023-06-22,136,304,117.0,240.0,0.4473684210526316,0.4875
2023-06-23,91,219,72.0,179.0,0.4155251141552511,0.4022346368715084
2023-06-26,106,241,48.0,156.0,0.43983402489626555,0.3076923076923077
2023-06-27,58,226,34.0,177.0,0.25663716814159293,0.192090395480226
2023-06-28,57,214,41.0,174.0,0.26635514018691586,0.23563218390804597
2023-06-29,118,258,103.0,217.0,0.4573643410852713,0.47465437788018433
2023-06-30,246,391,227.0,345.0,0.629156010230179,0.6579710144927536
2023-07-01,7,18,6.0,16.0,0.3888888888888889,0.375
2023-07-02,0,1,0.0,1.0,0.0,0.0
2023-07-03,80,533,65.0,489.0,0.150093808630394,0.1329243353783231
2023-07-05,28,280,20.0,251.0,0.1,0.0796812749003984
2023-07-06,54,187,40.0,164.0,0.2887700534759358,0.24390243902439024
2023-07-07,33,175,20.0,148.0,0.18857142857142858,0.13513513513513514
2023-07-10,37,222,24.0,190.0,0.16666666666666666,0.12631578947368421
2023-07-11,32,229,18.0,187.0,0.13973799126637554,0.0962566844919786
2023-07-12,46,275,35.0,229.0,0.16727272727272727,0.15283842794759825
2023-07-13,28,229,26.0,197.0,0.1222707423580786,0.1319796954314721
2023-07-14,37,228,22.0,175.0,0.16228070175438597,0.12571428571428572
2023-07-15,7,8,7.0,8.0,0.875,0.875
2023-07-17,81,318,42.0,251.0,0.25471698113207547,0.16733067729083664
2023-07-18,46,438,25.0,205.0,0.1050228310502283,0.12195121951219512
2023-07-19,112,369,92.0,274.0,0.3035230352303523,0.3357664233576642
2023-07-20,146,334,130.0,269.0,0.437125748502994,0.483271375464684
2023-07-21,124,249,105.0,198.0,0.4979919678714859,0.5303030303030303
2023-07-23,1,1,,,1.0,
2023-07-24,102,242,86.0,198.0,0.4214876033057851,0.43434343434343436
2023-07-25,48,185,34.0,138.0,0.2594594594594595,0.2463768115942029
2023-07-26,95,236,87.0,200.0,0.4025423728813559,0.435
2023-07-27,97,307,84.0,254.0,0.31596091205211724,0.33070866141732286
2023-07-28,45,423,29.0,369.0,0.10638297872340426,0.07859078590785908
2023-07-30,0,2,0.0,2.0,0.0,0.0
2023-07-31,97,416,82.0,367.0,0.23317307692307693,0.22343324250681199
2023-08-01,79,543,74.0,512.0,0.14548802946593,0.14453125
2023-08-02,104,413,98.0,387.0,0.25181598062953997,0.2532299741602067
2023-08-03,120,373,104.0,345.0,0.32171581769436997,0.30144927536231886
2023-08-04,107,371,101.0,352.0,0.2884097035040431,0.2869318181818182
2023-08-07,132,489,107.0,425.0,0.26993865030674846,0.25176470588235295
2023-08-08,138,520,128.0,436.0,0.2653846153846154,0.29357798165137616
2023-08-09,81,381,55.0,299.0,0.2125984251968504,0.18394648829431437
2023-08-10,111,416,79.0,345.0,0.2668269230769231,0.2289855072463768
2023-08-11,120,398,84.0,320.0,0.3015075376884422,0.2625
2023-08-12,1,1,1.0,1.0,1.0,1.0
2023-08-14,119,511,88.0,431.0,0.2328767123287671,0.20417633410672853
2023-08-15,164,564,134.0,493.0,0.2907801418439716,0.2718052738336714
2023-08-16,211,648,176.0,587.0,0.3256172839506173,0.29982964224872233
2023-08-17,224,464,186.0,407.0,0.4827586206896552,0.457002457002457
2023-08-18,160,386,131.0,336.0,0.41450777202072536,0.3898809523809524
2023-08-19,1,2,1.0,2.0,0.5,0.5
2023-08-20,0,4,0.0,4.0,0.0,0.0
2023-08-21,161,513,133.0,458.0,0.3138401559454191,0.2903930131004367
2023-08-22,188,429,154.0,367.0,0.4382284382284382,0.4196185286103542
2023-08-23,182,437,144.0,368.0,0.41647597254004576,0.391304347826087
2023-08-24,159,446,127.0,374.0,0.35650224215246634,0.339572192513369
2023-08-25,118,318,99.0,275.0,0.3710691823899371,0.36
2023-08-28,145,410,121.0,365.0,0.35365853658536583,0.3315068493150685
2023-08-29,112,445,90.0,398.0,0.251685393258427,0.22613065326633167
2023-08-30,118,459,91.0,411.0,0.2570806100217865,0.22141119221411193
2023-08-31,126,416,92.0,364.0,0.30288461538461536,0.25274725274725274
2023-09-01,96,619,72.0,582.0,0.15508885298869143,0.12371134020618557
2023-09-04,1,1,,,1.0,
2023-09-05,101,580,71.0,538.0,0.17413793103448275,0.13197026022304834
2023-09-06,144,452,113.0,387.0,0.3185840707964602,0.29198966408268734
2023-09-07,115,373,88.0,296.0,0.30831099195710454,0.2972972972972973
2023-09-08,95,337,74.0,274.0,0.2818991097922849,0.27007299270072993
2023-09-10,1,1,1.0,1.0,1.0,1.0
2023-09-11,100,411,69.0,342.0,0.24330900243309003,0.20175438596491227
2023-09-12,131,398,114.0,353.0,0.32914572864321606,0.32294617563739375
2023-09-13,135,389,107.0,333.0,0.34704370179948585,0.3213213213213213
2023-09-14,116,329,95.0,281.0,0.3525835866261398,0.33807829181494664
2023-09-15,178,524,154.0,479.0,0.33969465648854963,0.32150313152400833
2023-09-16,0,1,,,0.0,
2023-09-18,85,386,66.0,341.0,0.22020725388601037,0.1935483870967742
2023-09-19,86,269,60.0,212.0,0.31970260223048325,0.2830188679245283
2023-09-20,104,261,81.0,216.0,0.39846743295019155,0.375
2023-09-21,85,230,54.0,176.0,0.3695652173913043,0.3068181818181818
2023-09-22,76,186,58.0,136.0,0.40860215053763443,0.4264705882352941
2023-09-23,1,2,,,0.5,
2023-09-25,59,168,45.0,134.0,0.35119047619047616,0.3358208955223881
2023-09-26,92,205,59.0,148.0,0.44878048780487806,0.39864864864864863
2023-09-27,67,220,50.0,186.0,0.30454545454545456,0.26881720430107525
2023-09-28,73,254,53.0,198.0,0.2874015748031496,0.2676767676767677
2023-09-29,110,235,96.0,202.0,0.46808510638297873,0.4752475247524752
2023-09-30,11,15,11.0,11.0,0.7333333333333333,1.0
2023-10-01,2,3,2.0,3.0,0.6666666666666666,0.6666666666666666
2023-10-02,97,485,59.0,433.0,0.2,0.13625866050808313
2023-10-03,68,304,44.0,266.0,0.2236842105263158,0.16541353383458646
2023-10-04,55,168,38.0,134.0,0.3273809523809524,0.2835820895522388
2023-10-05,55,192,36.0,152.0,0.2864583333333333,0.23684210526315788
2023-10-06,65,204,43.0,165.0,0.31862745098039214,0.2606060606060606
2023-10-09,29,158,18.0,128.0,0.18354430379746836,0.140625
2023-10-10,32,171,17.0,147.0,0.1871345029239766,0.11564625850340136
2023-10-11,62,188,40.0,151.0,0.32978723404255317,0.26490066225165565
2023-10-12,60,141,41.0,111.0,0.425531914893617,0.36936936936936937
2023-10-13,50,152,29.0,117.0,0.32894736842105265,0.24786324786324787
2023-10-15,5,6,5.0,6.0,0.8333333333333334,0.8333333333333334
2023-10-16,82,386,37.0,325.0,0.21243523316062177,0.11384615384615385
2023-10-17,57,195,32.0,156.0,0.2923076923076923,0.20512820512820512
2023-10-18,29,125,14.0,88.0,0.232,0.1590909090909091
2023-10-19,32,105,19.0,83.0,0.3047619047619048,0.2289156626506024
2023-10-20,51,140,37.0,115.0,0.36428571428571427,0.3217391304347826
2023-10-23,40,136,24.0,108.0,0.29411764705882354,0.2222222222222222
2023-10-24,57,151,41.0,111.0,0.37748344370860926,0.36936936936936937
2023-10-25,76,182,52.0,146.0,0.4175824175824176,0.3561643835616438
2023-10-26,69,144,49.0,111.0,0.4791666666666667,0.44144144144144143
2023-10-27,72,146,53.0,116.0,0.4931506849315068,0.45689655172413796
2023-10-30,65,198,42.0,165.0,0.3282828282828283,0.2545454545454545
2023-10-31,120,233,96.0,201.0,0.5150214592274678,0.47761194029850745
2023-11-01,107,451,74.0,404.0,0.23725055432372505,0.18316831683168316
2023-11-02,96,401,65.0,351.0,0.23940149625935161,0.18518518518518517
2023-11-03,129,399,101.0,354.0,0.3233082706766917,0.2853107344632768
2023-11-04,0,1,0.0,1.0,0.0,0.0
2023-11-06,106,317,82.0,276.0,0.334384858044164,0.2971014492753623
2023-11-07,114,346,77.0,292.0,0.32947976878612717,0.2636986301369863
2023-11-08,109,361,69.0,296.0,0.30193905817174516,0.23310810810810811
2023-11-09,136,362,100.0,297.0,0.3756906077348066,0.3367003367003367
2023-11-10,171,455,136.0,397.0,0.3758241758241758,0.3425692695214106
2023-11-13,172,448,140.0,388.0,0.38392857142857145,0.36082474226804123
2023-11-14,174,709,136.0,620.0,0.2454160789844852,0.21935483870967742
2023-11-15,150,726,112.0,638.0,0.2066115702479339,0.1755485893416928
2023-11-16,183,678,149.0,590.0,0.26991150442477874,0.25254237288135595
2023-11-17,212,651,180.0,567.0,0.32565284178187404,0.31746031746031744
2023-11-18,0,3,0.0,3.0,0.0,0.0
2023-11-19,0,2,,,0.0,
2023-11-20,183,794,143.0,643.0,0.2304785894206549,0.2223950233281493
2023-11-21,155,515,117.0,443.0,0.30097087378640774,0.26410835214446954
2023-11-22,104,427,81.0,379.0,0.24355971896955503,0.21372031662269128
2023-11-23,0,1,0.0,1.0,0.0,0.0
2023-11-24,62,273,46.0,220.0,0.2271062271062271,0.20909090909090908
2023-11-26,1,1,1.0,1.0,1.0,1.0
2023-11-27,112,466,86.0,393.0,0.24034334763948498,0.21882951653944022
2023-11-28,118,436,75.0,348.0,0.2706422018348624,0.21551724137931033
2023-11-29,111,516,73.0,421.0,0.21511627906976744,0.17339667458432304
2023-11-30,145,540,106.0,445.0,0.26851851851851855,0.23820224719101124
2023-12-01,142,773,102.0,688.0,0.18369987063389392,0.14825581395348839
2023-12-03,0,26,,,0.0,
2023-12-04,105,642,60.0,576.0,0.16355140186915887,0.10416666666666667
2023-12-05,109,454,77.0,392.0,0.24008810572687225,0.19642857142857142
2023-12-06,111,491,78.0,407.0,0.22606924643584522,0.19164619164619165
2023-12-07,104,392,74.0,313.0,0.2653061224489796,0.2364217252396166
2023-12-08,110,455,80.0,373.0,0.24175824175824176,0.21447721179624665
2023-12-09,0,4,0.0,4.0,0.0,0.0
2023-12-10,0,1,0.0,1.0,0.0,0.0
2023-12-11,127,583,95.0,482.0,0.21783876500857632,0.1970954356846473
2023-12-12,160,566,129.0,485.0,0.2826855123674912,0.26597938144329897
2023-12-13,156,646,125.0,552.0,0.24148606811145512,0.22644927536231885
2023-12-14,157,817,123.0,709.0,0.19216646266829865,0.17348377997179126
2023-12-15,159,680,135.0,602.0,0.2338235294117647,0.22425249169435216
2023-12-17,0,1,,,0.0,
2023-12-18,91,460,71.0,392.0,0.19782608695652174,0.18112244897959184
2023-12-19,81,446,48.0,370.0,0.18161434977578475,0.12972972972972974
2023-12-20,105,421,72.0,345.0,0.2494061757719715,0.20869565217391303
2023-12-21,66,356,43.0,283.0,0.1853932584269663,0.1519434628975265
2023-12-22,66,285,47.0,225.0,0.23157894736842105,0.2088888888888889
2023-12-25,0,3,0.0,3.0,0.0,0.0
2023-12-26,61,293,46.0,250.0,0.20819112627986347,0.184
2023-12-27,73,273,33.0,194.0,0.2673992673992674,0.17010309278350516
2023-12-28,82,271,62.0,206.0,0.3025830258302583,0.30097087378640774
2023-12-29,121,299,103.0,239.0,0.40468227424749165,0.4309623430962343
2023-12-30,12,12,12.0,12.0,1.0,1.0
2023-12-31,20,27,20.0,27.0,0.7407407407407407,0.7407407407407407
2024-01-01,2,15,2.0,15.0,0.13333333333333333,0.13333333333333333
2024-01-02,115,816,83.0,701.0,0.1409313725490196,0.11840228245363767
2024-01-03,80,448,54.0,381.0,0.17857142857142858,0.14173228346456693
2024-01-04,76,319,62.0,269.0,0.23824451410658307,0.23048327137546468
2024-01-05,89,355,61.0,290.0,0.2507042253521127,0.2103448275862069
2024-01-06,1,1,1.0,1.0,1.0,1.0
2024-01-08,47,361,26.0,319.0,0.13019390581717452,0.08150470219435736
2024-01-09,72,316,59.0,273.0,0.22784810126582278,0.21611721611721613
2024-01-10,45,304,18.0,231.0,0.14802631578947367,0.07792207792207792
2024-01-11,53,269,30.0,219.0,0.1970260223048327,0.136986301369863
2024-01-12,45,258,29.0,213.0,0.1744186046511628,0.13615023474178403
2024-01-15,2,7,1.0,5.0,0.2857142857142857,0.2
2024-01-16,79,540,44.0,471.0,0.14629629629629629,0.09341825902335456
2024-01-17,61,364,37.0,316.0,0.16758241758241757,0.11708860759493671
2024-01-18,49,262,26.0,226.0,0.18702290076335878,0.11504424778761062
2024-01-19,54,252,37.0,206.0,0.21428571428571427,0.1796116504854369
2024-01-20,0,1,0.0,1.0,0.0,0.0
2024-01-22,70,343,48.0,284.0,0.20408163265306123,0.16901408450704225
2024-01-23,86,321,61.0,260.0,0.26791277258566976,0.23461538461538461
2024-01-24,83,266,63.0,217.0,0.31203007518796994,0.2903225806451613
2024-01-25,82,289,59.0,221.0,0.2837370242214533,0.2669683257918552
2024-01-26,101,287,73.0,235.0,0.3519163763066202,0.31063829787234043
2024-01-27,0,6,0.0,6.0,0.0,0.0
2024-01-29,67,324,49.0,275.0,0.20679012345679013,0.1781818181818182
2024-01-30,97,298,67.0,247.0,0.32550335570469796,0.27125506072874495
2024-01-31,115,354,84.0,283.0,0.3248587570621469,0.2968197879858657
2024-02-01,116,641,92.0,594.0,0.1809672386895476,0.15488215488215487
2024-02-02,91,566,67.0,525.0,0.1607773851590106,0.12761904761904763
2024-02-05,76,493,55.0,463.0,0.15415821501014199,0.11879049676025918
2024-02-06,72,415,59.0,389.0,0.17349397590361446,0.15167095115681234
2024-02-07,70,410,54.0,382.0,0.17073170731707318,0.14136125654450263
2024-02-08,78,438,56.0,398.0,0.1780821917808219,0.1407035175879397
2024-02-09,96,478,71.0,430.0,0.200836820083682,0.16511627906976745
2024-02-12,90,641,55.0,578.0,0.14040561622464898,0.09515570934256055
2024-02-13,99,436,73.0,396.0,0.22706422018348624,0.18434343434343434
2024-02-14,59,481,48.0,460.0,0.12266112266112267,0.10434782608695652
2024-02-15,63,655,43.0,616.0,0.09618320610687023,0.0698051948051948
2024-02-16,88,741,72.0,654.0,0.11875843454790823,0.11009174311926606
2024-02-20,102,774,66.0,723.0,0.13178294573643412,0.0912863070539419
2024-02-21,75,594,53.0,541.0,0.12626262626262627,0.09796672828096119
2024-02-22,114,609,87.0,539.0,0.18719211822660098,0.1614100185528757
2024-02-23,71,568,47.0,507.0,0.125,0.09270216962524655
2024-02-24,0,3,0.0,1.0,0.0,0.0
2024-02-26,98,755,76.0,693.0,0.12980132450331125,0.10966810966810966
2024-02-27,89,611,65.0,535.0,0.14566284779050737,0.12149532710280374
2024-02-28,88,763,74.0,711.0,0.11533420707732635,0.10407876230661041
2024-02-29,97,656,74.0,587.0,0.14786585365853658,0.1260647359454855
2024-03-01,122,1011,97.0,947.0,0.12067260138476756,0.10242872228088701
2024-03-03,0,26,0.0,1.0,0.0,0.0
2024-03-04,95,1029,81.0,981.0,0.0923226433430515,0.08256880733944955
2024-03-05,76,814,53.0,755.0,0.09336609336609336,0.07019867549668875
2024-03-06,100,665,76.0,592.0,0.15037593984962405,0.12837837837837837
2024-03-07,85,752,57.0,686.0,0.11303191489361702,0.08309037900874636
2024-03-08,116,675,81.0,593.0,0.17185185185185184,0.13659359190556492
2024-03-09,0,3,0.0,3.0,0.0,0.0
2024-03-10,0,2,0.0,2.0,0.0,0.0
2024-03-11,147,870,92.0,785.0,0.16896551724137931,0.11719745222929936
2024-03-12,124,743,82.0,664.0,0.16689098250336473,0.12349397590361445
2024-03-13,102,655,67.0,584.0,0.15572519083969466,0.11472602739726027
2024-03-14,146,703,122.0,651.0,0.20768136557610242,0.18740399385560677
2024-03-15,191,887,151.0,823.0,0.2153325817361894,0.18347509113001215
2024-03-16,0,6,0.0,6.0,0.0,0.0
2024-03-18,102,592,67.0,527.0,0.17229729729729729,0.127134724857685
2024-03-19,73,526,49.0,482.0,0.13878326996197718,0.1016597510373444
2024-03-20,52,448,35.0,408.0,0.11607142857142858,0.0857843137254902
2024-03-21,60,482,42.0,435.0,0.12448132780082988,0.09655172413793103
2024-03-22,76,329,51.0,274.0,0.23100303951367782,0.18613138686131386
2024-03-25,74,419,44.0,366.0,0.1766109785202864,0.12021857923497267
2024-03-26,83,369,47.0,295.0,0.22493224932249323,0.15932203389830507
2024-03-27,62,344,54.0,305.0,0.18023255813953487,0.17704918032786884
2024-03-28,100,426,74.0,358.0,0.2347417840375587,0.20670391061452514
2024-03-29,10,12,10.0,12.0,0.8333333333333334,0.8333333333333334
2024-03-30,0,2,0.0,2.0,0.0,0.0
2024-03-31,4,4,4.0,4.0,1.0,1.0
2024-04-01,81,823,55.0,718.0,0.09842041312272175,0.0766016713091922
2024-04-02,56,446,31.0,410.0,0.12556053811659193,0.07560975609756097
2024-04-03,39,315,23.0,285.0,0.12380952380952381,0.08070175438596491
2024-04-04,81,416,56.0,376.0,0.19471153846153846,0.14893617021276595
2024-04-05,44,242,25.0,206.0,0.18181818181818182,0.12135922330097088
2024-04-08,52,330,43.0,300.0,0.15757575757575756,0.14333333333333334
2024-04-09,52,251,40.0,224.0,0.20717131474103587,0.17857142857142858
2024-04-10,47,199,32.0,172.0,0.23618090452261306,0.18604651162790697
2024-04-11,53,209,29.0,172.0,0.2535885167464115,0.1686046511627907
2024-04-12,49,246,40.0,218.0,0.1991869918699187,0.1834862385321101
2024-04-14,0,1,0.0,1.0,0.0,0.0
2024-04-15,57,449,42.0,396.0,0.12694877505567928,0.10606060606060606
2024-04-16,64,258,50.0,222.0,0.24806201550387597,0.22522522522522523
2024-04-17,45,247,26.0,206.0,0.18218623481781376,0.1262135922330097
2024-04-18,51,206,30.0,173.0,0.24757281553398058,0.17341040462427745
2024-04-19,44,212,28.0,165.0,0.20754716981132076,0.1696969696969697
2024-04-20,3,3,3.0,3.0,1.0,1.0
2024-04-22,74,260,52.0,218.0,0.2846153846153846,0.23853211009174313
2024-04-23,38,248,24.0,205.0,0.1532258064516129,0.11707317073170732
2024-04-24,45,175,33.0,141.0,0.2571428571428571,0.23404255319148937
2024-04-25,72,218,45.0,178.0,0.3302752293577982,0.25280898876404495
2024-04-26,51,221,40.0,204.0,0.23076923076923078,0.19607843137254902
2024-04-29,102,339,84.0,298.0,0.3008849557522124,0.28187919463087246
2024-04-30,108,283,86.0,241.0,0.38162544169611307,0.35684647302904565
2024-05-01,100,805,79.0,734.0,0.12422360248447205,0.10762942779291552
2024-05-02,71,401,54.0,352.0,0.1770573566084788,0.1534090909090909
2024-05-03,93,424,78.0,360.0,0.21933962264150944,0.21666666666666667
2024-05-04,0,1,0.0,1.0,0.0,0.0
2024-05-06,100,430,86.0,389.0,0.23255813953488372,0.2210796915167095
2024-05-07,118,437,106.0,387.0,0.2700228832951945,0.2739018087855297
2024-05-08,67,303,57.0,265.0,0.22112211221122113,0.21509433962264152
2024-05-09,65,360,42.0,303.0,0.18055555555555555,0.13861386138613863
2024-05-10,108,433,89.0,382.0,0.24942263279445728,0.23298429319371727
2024-05-11,1,1,1.0,1.0,1.0,1.0
2024-05-13,129,484,114.0,428.0,0.2665289256198347,0.26635514018691586
2024-05-14,113,524,87.0,464.0,0.21564885496183206,0.1875
2024-05-15,123,713,100.0,650.0,0.17251051893408134,0.15384615384615385
2024-05-16,91,576,80.0,530.0,0.1579861111111111,0.1509433962264151
2024-05-17,109,385,90.0,324.0,0.2831168831168831,0.2777777777777778
2024-05-20,130,651,98.0,590.0,0.19969278033794163,0.16610169491525423
2024-05-21,142,591,109.0,501.0,0.24027072758037224,0.21756487025948104
2024-05-22,117,450,91.0,397.0,0.26,0.22921914357682618
2024-05-23,133,444,103.0,364.0,0.29954954954954954,0.28296703296703296
2024-05-24,91,352,76.0,304.0,0.2585227272727273,0.25
2024-05-27,1,1,1.0,1.0,1.0,1.0
2024-05-28,118,468,86.0,417.0,0.25213675213675213,0.20623501199040767
2024-05-29,122,393,105.0,343.0,0.3104325699745547,0.30612244897959184
2024-05-30,87,362,75.0,321.0,0.24033149171270718,0.2336448598130841
2024-05-31,91,398,74.0,334.0,0.228643216080402,0.2215568862275449
2024-06-01,2,3,2.0,3.0,0.6666666666666666,0.6666666666666666
2024-06-02,0,3,0.0,3.0,0.0,0.0
2024-06-03,121,1038,89.0,956.0,0.11657032755298652,0.09309623430962342
2024-06-04,93,481,72.0,432.0,0.19334719334719336,0.16666666666666666
2024-06-05,84,410,67.0,364.0,0.2048780487804878,0.18406593406593408
2024-06-06,121,428,96.0,364.0,0.2827102803738318,0.26373626373626374
2024-06-07,114,398,90.0,334.0,0.2864321608040201,0.2694610778443114
2024-06-08,0,1,,,0.0,
2024-06-09,0,2,0.0,2.0,0.0,0.0
2024-06-10,137,531,125.0,451.0,0.2580037664783427,0.2771618625277162
2024-06-11,112,440,104.0,400.0,0.2545454545454545,0.26
2024-06-12,81,506,67.0,458.0,0.1600790513833992,0.1462882096069869
2024-06-13,128,444,101.0,376.0,0.2882882882882883,0.26861702127659576
2024-06-14,168,469,140.0,393.0,0.3582089552238806,0.356234096692112
2024-06-15,6,6,6.0,6.0,1.0,1.0
2024-06-17,95,650,78.0,581.0,0.14615384615384616,0.1342512908777969
2024-06-18,71,505,45.0,452.0,0.1405940594059406,0.09955752212389381
2024-06-19,1,1,1.0,1.0,1.0,1.0
2024-06-20,64,439,41.0,384.0,0.14578587699316628,0.10677083333333333
2024-06-21,93,323,66.0,263.0,0.28792569659442724,0.2509505703422053
2024-06-23,2,2,,,1.0,
2024-06-24,57,317,32.0,265.0,0.17981072555205047,0.12075471698113208
2024-06-25,63,375,45.0,315.0,0.168,0.14285714285714285
2024-06-26,49,261,34.0,198.0,0.18773946360153257,0.1717171717171717
2024-06-27,104,292,83.0,232.0,0.3561643835616438,0.3577586206896552
2024-06-28,111,379,82.0,294.0,0.2928759894459103,0.2789115646258503
2024-06-30,21,21,21.0,21.0,1.0,1.0
2024-07-01,91,738,61.0,659.0,0.12330623306233063,0.09256449165402124
2024-07-02,31,325,13.0,278.0,0.09538461538461539,0.046762589928057555
2024-07-03,39,265,24.0,225.0,0.1471698113207547,0.10666666666666667
2024-07-05,36,256,15.0,201.0,0.140625,0.07462686567164178
2024-07-06,1,2,1.0,1.0,0.5,1.0
2024-07-08,46,333,30.0,261.0,0.13813813813813813,0.11494252873563218
2024-07-09,45,252,32.0,221.0,0.17857142857142858,0.14479638009049775
2024-07-10,54,224,34.0,171.0,0.24107142857142858,0.19883040935672514
2024-07-11,58,344,34.0,297.0,0.1686046511627907,0.11447811447811448
2024-07-12,35,304,20.0,243.0,0.11513157894736842,0.0823045267489712
2024-07-15,75,467,48.0,408.0,0.16059957173447537,0.11764705882352941
2024-07-16,39,325,24.0,278.0,0.12,0.08633093525179857
2024-07-17,44,253,18.0,198.0,0.17391304347826086,0.09090909090909091
2024-07-18,44,238,20.0,161.0,0.18487394957983194,0.12422360248447205
2024-07-19,62,337,37.0,290.0,0.18397626112759644,0.12758620689655173
2024-07-21,1,1,1.0,1.0,1.0,1.0
2024-07-22,38,250,25.0,210.0,0.152,0.11904761904761904
2024-07-23,41,235,30.0,195.0,0.17446808510638298,0.15384615384615385
2024-07-24,39,215,19.0,159.0,0.1813953488372093,0.11949685534591195
2024-07-25,39,358,28.0,223.0,0.10893854748603352,0.12556053811659193
2024-07-26,48,308,34.0,229.0,0.15584415584415584,0.14847161572052403
2024-07-28,0,1,0.0,1.0,0.0,0.0
2024-07-29,45,349,31.0,271.0,0.12893982808022922,0.11439114391143912
2024-07-30,57,336,33.0,277.0,0.16964285714285715,0.11913357400722022
2024-07-31,54,348,28.0,291.0,0.15517241379310345,0.09621993127147767
2024-08-01,91,843,56.0,763.0,0.10794780545670225,0.07339449541284404
2024-08-02,99,518,82.0,475.0,0.19111969111969113,0.1726315789473684
2024-08-03,1,1,1.0,1.0,1.0,1.0
2024-08-04,0,1,0.0,1.0,0.0,0.0
2024-08-05,109,484,82.0,401.0,0.22520661157024793,0.20448877805486285
2024-08-06,72,397,56.0,357.0,0.181360201511335,0.1568627450980392
2024-08-07,97,433,73.0,373.0,0.22401847575057737,0.19571045576407506
2024-08-08,83,365,67.0,318.0,0.2273972602739726,0.21069182389937108
2024-08-09,135,421,115.0,376.0,0.32066508313539194,0.3058510638297872
2024-08-12,116,491,94.0,440.0,0.23625254582484725,0.21363636363636362
2024-08-13,96,408,69.0,354.0,0.23529411764705882,0.19491525423728814
2024-08-14,116,473,82.0,409.0,0.2452431289640592,0.20048899755501223
2024-08-15,128,648,94.0,588.0,0.19753086419753085,0.1598639455782313
2024-08-16,120,557,96.0,509.0,0.21543985637342908,0.18860510805500982
2024-08-19,100,558,82.0,510.0,0.17921146953405018,0.1607843137254902
2024-08-20,97,656,71.0,606.0,0.14786585365853658,0.11716171617161716
2024-08-21,100,533,79.0,470.0,0.18761726078799248,0.16808510638297872
2024-08-22,102,410,75.0,353.0,0.24878048780487805,0.21246458923512748
2024-08-23,104,603,76.0,539.0,0.1724709784411277,0.14100185528756956
2024-08-24,1,2,1.0,2.0,0.5,0.5
2024-08-26,89,573,66.0,509.0,0.15532286212914484,0.12966601178781925
2024-08-27,87,443,65.0,386.0,0.1963882618510158,0.16839378238341968
2024-08-28,96,349,70.0,296.0,0.27507163323782235,0.23648648648648649
2024-08-29,90,436,69.0,382.0,0.20642201834862386,0.1806282722513089
2024-08-30,88,364,69.0,311.0,0.24175824175824176,0.22186495176848875
2024-08-31,4,5,4.0,5.0,0.8,0.8
2024-09-01,6,7,4.0,5.0,0.8571428571428571,0.8
2024-09-02,2,2,,,1.0,
2024-09-03,127,924,102.0,856.0,0.13744588744588745,0.1191588785046729
2024-09-04,91,461,76.0,424.0,0.19739696312364424,0.1792452830188679
2024-09-05,72,348,55.0,290.0,0.20689655172413793,0.1896551724137931
2024-09-06,133,448,115.0,390.0,0.296875,0.2948717948717949
2024-09-07,1,1,1.0,1.0,1.0,1.0
2024-09-09,107,443,83.0,376.0,0.24153498871331827,0.22074468085106383
2024-09-10,108,419,80.0,350.0,0.2577565632458234,0.22857142857142856
2024-09-11,116,451,83.0,352.0,0.2572062084257206,0.23579545454545456
2024-09-12,88,476,72.0,407.0,0.18487394957983194,0.1769041769041769
2024-09-13,78,405,59.0,337.0,0.1925925925925926,0.17507418397626112
2024-09-15,4,6,4.0,6.0,0.6666666666666666,0.6666666666666666
2024-09-16,101,617,66.0,544.0,0.16369529983792544,0.1213235294117647
2024-09-17,68,424,37.0,327.0,0.16037735849056603,0.11314984709480122
2024-09-18,97,383,59.0,287.0,0.25326370757180156,0.20557491289198607
2024-09-19,76,336,52.0,238.0,0.2261904761904762,0.2184873949579832
2024-09-20,67,310,35.0,217.0,0.2161290322580645,0.16129032258064516
2024-09-22,0,1,,,0.0,
2024-09-23,63,329,33.0,251.0,0.19148936170212766,0.13147410358565736
2024-09-24,50,224,33.0,159.0,0.22321428571428573,0.20754716981132076
2024-09-25,37,183,26.0,135.0,0.20218579234972678,0.1925925925925926
2024-09-26,64,224,42.0,172.0,0.2857142857142857,0.2441860465116279
2024-09-27,96,231,63.0,168.0,0.4155844155844156,0.375
2024-09-28,0,1,0.0,1.0,0.0,0.0
2024-09-30,170,382,143.0,303.0,0.44502617801047123,0.47194719471947194
2024-10-01,225,745,193.0,670.0,0.30201342281879195,0.2880597014925373
2024-10-02,53,333,34.0,286.0,0.15915915915915915,0.11888111888111888
2024-10-03,73,237,53.0,186.0,0.3080168776371308,0.2849462365591398
2024-10-04,40,192,29.0,157.0,0.20833333333333334,0.18471337579617833
2024-10-05,0,1,0.0,1.0,0.0,0.0
2024-10-06,0,1,0.0,1.0,0.0,0.0
2024-10-07,38,296,26.0,235.0,0.12837837837837837,0.11063829787234042
2024-10-08,44,274,29.0,203.0,0.16058394160583941,0.14285714285714285
2024-10-09,34,196,15.0,141.0,0.17346938775510204,0.10638297872340426
2024-10-10,56,217,45.0,158.0,0.25806451612903225,0.2848101265822785
2024-10-11,50,214,37.0,142.0,0.2336448598130841,0.2605633802816901
2024-10-14,34,248,23.0,192.0,0.13709677419354838,0.11979166666666667
2024-10-15,86,364,47.0,291.0,0.23626373626373626,0.16151202749140894
2024-10-16,53,250,30.0,189.0,0.212,0.15873015873015872
2024-10-17,45,212,40.0,177.0,0.21226415094339623,0.22598870056497175
2024-10-18,49,199,38.0,160.0,0.24623115577889448,0.2375
2024-10-19,1,1,1.0,1.0,1.0,1.0
2024-10-21,48,198,21.0,152.0,0.24242424242424243,0.13815789473684212
2024-10-22,53,185,27.0,145.0,0.2864864864864865,0.18620689655172415
2024-10-23,61,180,38.0,128.0,0.3388888888888889,0.296875
2024-10-24,63,217,47.0,180.0,0.2903225806451613,0.2611111111111111
2024-10-25,57,205,36.0,164.0,0.2780487804878049,0.21951219512195122
2024-10-27,1,1,1.0,1.0,1.0,1.0
2024-10-28,49,290,29.0,237.0,0.16896551724137931,0.12236286919831224
2024-10-29,86,257,66.0,216.0,0.3346303501945525,0.3055555555555556
2024-10-30,51,231,34.0,194.0,0.22077922077922077,0.17525773195876287
2024-10-31,71,265,41.0,199.0,0.2679245283018868,0.20603015075376885
2024-11-01,116,591,92.0,535.0,0.19627749576988154,0.17196261682242991
2024-11-02,0,2,0.0,2.0,0.0,0.0
2024-11-04,80,442,67.0,398.0,0.18099547511312217,0.16834170854271358
2024-11-05,73,450,44.0,398.0,0.1622222222222222,0.11055276381909548
2024-11-06,58,973,39.0,912.0,0.05960945529290853,0.04276315789473684
2024-11-07,61,832,41.0,775.0,0.0733173076923077,0.05290322580645161
2024-11-08,88,787,76.0,729.0,0.11181702668360864,0.10425240054869685
2024-11-09,3,3,1.0,1.0,1.0,1.0
2024-11-11,77,799,61.0,734.0,0.09637046307884856,0.08310626702997276
2024-11-12,111,644,94.0,590.0,0.17236024844720496,0.15932203389830507
2024-11-13,90,673,72.0,604.0,0.1337295690936107,0.11920529801324503
2024-11-14,96,500,78.0,439.0,0.192,0.1776765375854214
2024-11-15,152,723,129.0,662.0,0.21023513139695713,0.19486404833836857
2024-11-16,1,1,1.0,1.0,1.0,1.0
2024-11-18,149,767,120.0,632.0,0.19426336375488917,0.189873417721519
2024-11-19,124,649,94.0,577.0,0.19106317411402157,0.16291161178509533
2024-11-20,150,748,120.0,680.0,0.20053475935828877,0.17647058823529413
2024-11-21,106,765,85.0,649.0,0.13856209150326798,0.13097072419106318
2024-11-22,108,662,85.0,601.0,0.16314199395770393,0.14143094841930118
2024-11-24,0,1,0.0,1.0,0.0,0.0
2024-11-25,120,1130,99.0,1060.0,0.10619469026548672,0.09339622641509433
2024-11-26,105,564,82.0,516.0,0.18617021276595744,0.15891472868217055
2024-11-27,84,441,69.0,351.0,0.19047619047619047,0.19658119658119658
2024-11-29,48,314,39.0,283.0,0.15286624203821655,0.13780918727915195
2024-11-30,4,6,4.0,4.0,0.6666666666666666,1.0
2024-12-01,1,5,0.0,4.0,0.2,0.0
2024-12-02,80,855,61.0,782.0,0.0935672514619883,0.07800511508951406
2024-12-03,77,613,57.0,546.0,0.12561174551386622,0.1043956043956044
2024-12-04,108,527,96.0,484.0,0.2049335863377609,0.19834710743801653
2024-12-05,123,543,112.0,494.0,0.2265193370165746,0.22672064777327935
2024-12-06,95,524,75.0,475.0,0.18129770992366412,0.15789473684210525
2024-12-08,1,1,1.0,1.0,1.0,1.0
2024-12-09,89,623,77.0,574.0,0.14285714285714285,0.13414634146341464
2024-12-10,62,699,54.0,629.0,0.08869814020028613,0.08585055643879173
2024-12-11,109,544,80.0,484.0,0.20036764705882354,0.1652892561983471
2024-12-12,124,533,97.0,467.0,0.2326454033771107,0.20770877944325483
2024-12-13,173,524,142.0,469.0,0.3301526717557252,0.302771855010661
2024-12-15,5,5,5.0,5.0,1.0,1.0
2024-12-16,138,800,98.0,726.0,0.1725,0.1349862258953168
2024-12-17,104,434,67.0,382.0,0.23963133640552994,0.17539267015706805
2024-12-18,89,533,53.0,463.0,0.1669793621013133,0.11447084233261338
2024-12-19,111,282,80.0,236.0,0.39361702127659576,0.3389830508474576
2024-12-20,89,315,53.0,262.0,0.28253968253968254,0.20229007633587787
2024-12-23,114,372,73.0,309.0,0.3064516129032258,0.23624595469255663
2024-12-24,40,161,21.0,135.0,0.2484472049689441,0.15555555555555556
2024-12-26,44,177,23.0,147.0,0.24858757062146894,0.1564625850340136
2024-12-27,53,151,31.0,110.0,0.3509933774834437,0.2818181818181818
2024-12-30,42,122,20.0,82.0,0.3442622950819672,0.24390243902439024
2024-12-31,4,19,1.0,11.0,0.21052631578947367,0.09090909090909091
2025-05-10,1,1,1.0,1.0,1.0,1.0
2025-12-09,1,1,1.0,1.0,1.0,1.0
2026-02-15,0,1,,,0.0,
2027-07-27,1,1,1.0,1.0,1.0,1.0
2027-11-17,0,1,0.0,1.0,0.0,0.0
2028-03-01,0,1,0.0,1.0,0.0,0.0
2028-05-24,0,2,0.0,2.0,0.0,0.0
