date,label,finetune_small
2016-01-04,0.0,0.36894524097442627
2016-01-05,0.0,0.3247120976448059
2016-01-06,1.0,0.4219299554824829
2016-01-07,0.0,0.5028645396232605
2016-01-08,0.0,0.5351024270057678
2016-01-11,0.0,0.4901716709136963
2016-01-12,1.0,0.4437119960784912
2016-01-13,0.0,0.5531067252159119
2016-01-14,1.0,0.48234376311302185
2016-01-15,0.0,0.6548099517822266
2016-01-19,0.0,0.5377492904663086
2016-01-20,0.0,0.7244614958763123
2016-01-21,0.0,0.552107572555542
2016-01-22,0.0,0.5154145956039429
2016-01-25,0.0,0.5394022464752197
2016-01-26,0.0,0.4947693347930908
2016-01-27,0.0,0.556126058101654
2016-01-28,0.0,0.5242776274681091
2016-01-29,0.0,0.4900151789188385
2016-02-01,0.0,0.4671143591403961
2016-02-02,0.0,0.5181710720062256
2016-02-03,0.0,0.5335334539413452
2016-02-04,0.0,0.4475802481174469
2016-02-05,0.0,0.6326451897621155
2016-02-08,0.0,0.701282262802124
2016-02-09,0.0,0.6329085826873779
2016-02-10,0.0,0.522681713104248
2016-02-11,0.0,0.7557845711708069
2016-02-12,0.0,0.5278328657150269
2016-02-16,0.0,0.5124216675758362
2016-02-17,0.0,0.47836464643478394
2016-02-18,0.0,0.4799536466598511
2016-02-19,0.0,0.46035411953926086
2016-02-22,0.0,0.3894992470741272
2016-02-23,0.0,0.4541012942790985
2016-02-24,0.0,0.48087021708488464
2016-02-25,0.0,0.42559075355529785
2016-02-26,0.0,0.4414261281490326
2016-02-29,0.0,0.5057230591773987
2016-03-01,0.0,0.3618391156196594
2016-03-02,0.0,0.3770020008087158
2016-03-03,0.0,0.4406563341617584
2016-03-04,0.0,0.4665091037750244
2016-03-07,0.0,0.3914620876312256
2016-03-08,0.0,0.48344799876213074
2016-03-09,0.0,0.36164534091949463
2016-03-10,0.0,0.3985484838485718
2016-03-11,0.0,0.32305073738098145
2016-03-14,0.0,0.30949199199676514
2016-03-15,0.0,0.3138679563999176
2016-03-16,0.0,0.2813357412815094
2016-03-17,0.0,0.27928340435028076
2016-03-18,0.0,0.33694466948509216
2016-03-21,0.0,0.2997860908508301
2016-03-22,0.0,0.26704463362693787
2016-03-23,0.0,0.2987700402736664
2016-03-24,0.0,0.31982141733169556
2016-03-28,0.0,0.3106568157672882
2016-03-29,0.0,0.24470971524715424
2016-03-30,0.0,0.21859227120876312
2016-03-31,0.0,0.25407886505126953
2016-04-01,0.0,0.22399631142616272
2016-04-04,0.0,0.25438085198402405
2016-04-05,0.0,0.35428816080093384
2016-04-06,0.0,0.20854948461055756
2016-04-07,0.0,0.3346196413040161
2016-04-08,0.0,0.2759076952934265
2016-04-11,0.0,0.27524545788764954
2016-04-12,0.0,0.21106788516044617
2016-04-13,0.0,0.16413846611976624
2016-04-14,0.0,0.20266591012477875
2016-04-15,0.0,0.2204260528087616
2016-04-18,0.0,0.20995450019836426
2016-04-19,0.0,0.17918436229228973
2016-04-20,0.0,0.19377784430980682
2016-04-21,0.0,0.25731953978538513
2016-04-22,0.0,0.21912646293640137
2016-04-25,0.0,0.24950549006462097
2016-04-26,0.0,0.20110273361206055
2016-04-27,0.0,0.20577894151210785
2016-04-28,0.0,0.31270185112953186
2016-04-29,0.0,0.4016006886959076
2016-05-02,0.0,0.23168711364269257
2016-05-03,0.0,0.3302975296974182
2016-05-04,0.0,0.3946574330329895
2016-05-05,0.0,0.3336310386657715
2016-05-06,0.0,0.3128845691680908
2016-05-09,0.0,0.2695389688014984
2016-05-10,0.0,0.18532629311084747
2016-05-11,0.0,0.27067235112190247
2016-05-12,0.0,0.2967696785926819
2016-05-13,0.0,0.4127255976200104
2016-05-16,0.0,0.2784547209739685
2016-05-17,0.0,0.3736669719219208
2016-05-18,0.0,0.32697874307632446
2016-05-19,0.0,0.39334264397621155
2016-05-20,0.0,0.2868941128253937
2016-05-23,0.0,0.29028651118278503
2016-05-24,0.0,0.20369815826416016
2016-05-25,0.0,0.20458294451236725
2016-05-26,0.0,0.21017013490200043
2016-05-27,0.0,0.23891369998455048
2016-05-31,0.0,0.23989497125148773
2016-06-01,0.0,0.21180398762226105
2016-06-02,0.0,0.18654297292232513
2016-06-03,0.0,0.21863530576229095
2016-06-06,0.0,0.20040135085582733
2016-06-07,0.0,0.19191859662532806
2016-06-08,0.0,0.18790559470653534
2016-06-09,0.0,0.18466484546661377
2016-06-10,0.0,0.3617810904979706
2016-06-13,0.0,0.30090200901031494
2016-06-14,0.0,0.2903578579425812
2016-06-15,0.0,0.28494346141815186
2016-06-16,0.0,0.29710015654563904
2016-06-17,0.0,0.3427535891532898
2016-06-20,0.0,0.2358642965555191
2016-06-21,0.0,0.22616587579250336
2016-06-22,0.0,0.21960805356502533
2016-06-23,1.0,0.18304120004177094
2016-06-24,0.0,0.4278872609138489
2016-06-27,0.0,0.5331786274909973
2016-06-28,0.0,0.3774961233139038
2016-06-29,0.0,0.24573665857315063
2016-06-30,0.0,0.20831254124641418
2016-07-01,0.0,0.21142569184303284
2016-07-05,0.0,0.30384039878845215
2016-07-06,0.0,0.26459139585494995
2016-07-07,0.0,0.21736937761306763
2016-07-08,0.0,0.1658463329076767
2016-07-11,0.0,0.1862509548664093
2016-07-12,0.0,0.15059252083301544
2016-07-13,0.0,0.1629316508769989
2016-07-14,0.0,0.15236614644527435
2016-07-15,0.0,0.19358232617378235
2016-07-18,0.0,0.1835048496723175
2016-07-19,0.0,0.18015842139720917
2016-07-20,0.0,0.18584947288036346
2016-07-21,0.0,0.17000329494476318
2016-07-22,0.0,0.18271681666374207
2016-07-25,0.0,0.18620817363262177
2016-07-26,0.0,0.17472580075263977
2016-07-27,0.0,0.16297446191310883
2016-07-28,0.0,0.16922709345817566
2016-07-29,0.0,0.14676335453987122
2016-08-01,0.0,0.2644270956516266
2016-08-02,0.0,0.1764066219329834
2016-08-03,0.0,0.13686229288578033
2016-08-04,0.0,0.14310194551944733
2016-08-05,0.0,0.1549363136291504
2016-08-08,0.0,0.17527176439762115
2016-08-09,0.0,0.16561400890350342
2016-08-10,0.0,0.1784011572599411
2016-08-11,0.0,0.15728704631328583
2016-08-12,0.0,0.18503338098526
2016-08-15,0.0,0.17329105734825134
2016-08-16,0.0,0.1755472868680954
2016-08-17,0.0,0.15231971442699432
2016-08-18,0.0,0.14786399900913239
2016-08-19,0.0,0.1822993904352188
2016-08-22,0.0,0.19755220413208008
2016-08-23,0.0,0.18455515801906586
2016-08-24,0.0,0.1951655149459839
2016-08-25,0.0,0.19319970905780792
2016-08-26,0.0,0.19724895060062408
2016-08-29,0.0,0.2047804892063141
2016-08-30,0.0,0.19244936108589172
2016-08-31,0.0,0.15895912051200867
2016-09-01,0.0,0.17634305357933044
2016-09-02,0.0,0.19314835965633392
2016-09-06,0.0,0.16041161119937897
2016-09-07,0.0,0.1861557960510254
2016-09-08,1.0,0.15853600203990936
2016-09-09,0.0,0.31295397877693176
2016-09-12,0.0,0.2163204848766327
2016-09-13,0.0,0.3052005171775818
2016-09-14,0.0,0.2577606439590454
2016-09-15,0.0,0.21977019309997559
2016-09-16,0.0,0.2834712862968445
2016-09-19,0.0,0.30244970321655273
2016-09-20,0.0,0.3010076880455017
2016-09-21,0.0,0.1887727975845337
2016-09-22,0.0,0.17058220505714417
2016-09-23,0.0,0.26496627926826477
2016-09-26,0.0,0.2826220691204071
2016-09-27,0.0,0.23532865941524506
2016-09-28,0.0,0.18165388703346252
2016-09-29,0.0,0.24262382090091705
2016-09-30,0.0,0.18232597410678864
2016-10-03,0.0,0.2359781563282013
2016-10-04,0.0,0.23772643506526947
2016-10-05,0.0,0.205715149641037
2016-10-06,0.0,0.20467661321163177
2016-10-07,0.0,0.2505335211753845
2016-10-10,0.0,0.23208709061145782
2016-10-11,0.0,0.26049527525901794
2016-10-12,0.0,0.24985221028327942
2016-10-13,0.0,0.2710370421409607
2016-10-14,0.0,0.239866241812706
2016-10-17,0.0,0.24953927099704742
2016-10-18,0.0,0.2202085554599762
2016-10-19,0.0,0.21993385255336761
2016-10-20,0.0,0.23352696001529694
2016-10-21,0.0,0.2820831835269928
2016-10-24,0.0,0.21088366210460663
2016-10-25,0.0,0.22838126122951508
2016-10-26,0.0,0.2218702733516693
2016-10-27,0.0,0.26246485114097595
2016-10-28,0.0,0.2402777075767517
2016-10-31,0.0,0.23232050240039825
2016-11-01,0.0,0.2769806683063507
2016-11-02,0.0,0.3372686207294464
2016-11-03,0.0,0.3115015923976898
2016-11-04,0.0,0.3079458177089691
2016-11-07,0.0,0.21594922244548798
2016-11-08,0.0,0.20255550742149353
2016-11-09,0.0,0.1469457745552063
2016-11-10,0.0,0.14973844587802887
2016-11-11,0.0,0.1796925663948059
2016-11-14,0.0,0.17945483326911926
2016-11-15,0.0,0.15267491340637207
2016-11-16,0.0,0.17763884365558624
2016-11-17,0.0,0.1532575935125351
2016-11-18,0.0,0.17908211052417755
2016-11-21,0.0,0.1569458693265915
2016-11-22,0.0,0.14572440087795258
2016-11-23,0.0,0.1800779402256012
2016-11-25,0.0,0.23710092902183533
2016-11-28,0.0,0.15068893134593964
2016-11-29,0.0,0.16696524620056152
2016-11-30,0.0,0.13550589978694916
2016-12-01,0.0,0.13671565055847168
2016-12-02,0.0,0.13840575516223907
2016-12-05,0.0,0.13526321947574615
2016-12-06,0.0,0.13816437125205994
2016-12-07,0.0,0.12304799258708954
2016-12-08,0.0,0.1199353039264679
2016-12-09,0.0,0.14711377024650574
2016-12-12,0.0,0.12614868581295013
2016-12-13,0.0,0.14100436866283417
2016-12-14,0.0,0.12301532924175262
2016-12-15,0.0,0.11223659664392471
2016-12-16,0.0,0.16280508041381836
2016-12-19,0.0,0.16512185335159302
2016-12-20,0.0,0.1610998511314392
2016-12-21,0.0,0.18031498789787292
2016-12-22,0.0,0.17800283432006836
2016-12-23,0.0,0.22240528464317322
2016-12-27,0.0,0.2034033089876175
2016-12-28,0.0,0.21813860535621643
2016-12-29,0.0,0.2209058552980423
2016-12-30,0.0,0.19485487043857574
2017-01-03,0.0,0.13083331286907196
2017-01-04,0.0,0.13862471282482147
2017-01-05,0.0,0.13192218542099
2017-01-06,0.0,0.14283424615859985
2017-01-09,0.0,0.15825045108795166
2017-01-10,0.0,0.14055442810058594
2017-01-11,0.0,0.15499451756477356
2017-01-12,0.0,0.1528906673192978
2017-01-13,0.0,0.1702209711074829
2017-01-17,0.0,0.15660035610198975
2017-01-18,0.0,0.14267760515213013
2017-01-19,0.0,0.16285033524036407
2017-01-20,0.0,0.15296834707260132
2017-01-23,0.0,0.16622360050678253
2017-01-24,0.0,0.13521736860275269
2017-01-25,0.0,0.1413937509059906
2017-01-26,0.0,0.1445055603981018
2017-01-27,0.0,0.1545240730047226
2017-01-30,0.0,0.15142042934894562
2017-01-31,0.0,0.12264887243509293
2017-02-01,0.0,0.1283675581216812
2017-02-02,0.0,0.13853061199188232
2017-02-03,0.0,0.13290482759475708
2017-02-06,0.0,0.14400218427181244
2017-02-07,0.0,0.12870681285858154
2017-02-08,0.0,0.13778240978717804
2017-02-09,0.0,0.13340729475021362
2017-02-10,0.0,0.13243381679058075
2017-02-13,0.0,0.1483013778924942
2017-02-14,0.0,0.12866632640361786
2017-02-15,0.0,0.13019950687885284
2017-02-16,0.0,0.1338341236114502
2017-02-17,0.0,0.14198249578475952
2017-02-21,0.0,0.1443139761686325
2017-02-22,0.0,0.13198301196098328
2017-02-23,0.0,0.11899664998054504
2017-02-24,0.0,0.12878748774528503
2017-02-27,0.0,0.12032562494277954
2017-02-28,0.0,0.10907414555549622
2017-03-01,0.0,0.12612919509410858
2017-03-02,0.0,0.12128765136003494
2017-03-03,0.0,0.12111448496580124
2017-03-06,0.0,0.13266949355602264
2017-03-07,0.0,0.12748035788536072
2017-03-08,0.0,0.12595441937446594
2017-03-09,0.0,0.11701694875955582
2017-03-10,0.0,0.17122387886047363
2017-03-13,0.0,0.14875495433807373
2017-03-14,0.0,0.15916021168231964
2017-03-15,0.0,0.13543567061424255
2017-03-16,0.0,0.132135272026062
2017-03-17,0.0,0.15457600355148315
2017-03-20,0.0,0.16321171820163727
2017-03-21,0.0,0.12505383789539337
2017-03-22,0.0,0.1344233900308609
2017-03-23,0.0,0.13427814841270447
2017-03-24,0.0,0.1625533401966095
2017-03-27,0.0,0.17153991758823395
2017-03-28,0.0,0.14145077764987946
2017-03-29,0.0,0.16503402590751648
2017-03-30,0.0,0.15173429250717163
2017-03-31,0.0,0.13767258822917938
2017-04-03,0.0,0.134494349360466
2017-04-04,0.0,0.1481209695339203
2017-04-05,0.0,0.12202741950750351
2017-04-06,0.0,0.13480353355407715
2017-04-07,0.0,0.1476830691099167
2017-04-10,0.0,0.16003577411174774
2017-04-11,0.0,0.15810871124267578
2017-04-12,0.0,0.15945227444171906
2017-04-13,0.0,0.15972556173801422
2017-04-17,0.0,0.16180148720741272
2017-04-18,0.0,0.1366245150566101
2017-04-19,0.0,0.12642641365528107
2017-04-20,0.0,0.1257926970720291
2017-04-21,0.0,0.13284644484519958
2017-04-24,0.0,0.12550602853298187
2017-04-25,0.0,0.11300608515739441
2017-04-26,0.0,0.10913631319999695
2017-04-27,0.0,0.11089028418064117
2017-04-28,0.0,0.12150505930185318
2017-05-01,0.0,0.15088428556919098
2017-05-02,0.0,0.11423055827617645
2017-05-03,0.0,0.10703310370445251
2017-05-04,0.0,0.10472648590803146
2017-05-05,0.0,0.12544967234134674
2017-05-08,0.0,0.1113509088754654
2017-05-09,0.0,0.10920347273349762
2017-05-10,0.0,0.11245612800121307
2017-05-11,0.0,0.1127639040350914
2017-05-12,0.0,0.1327509880065918
2017-05-15,0.0,0.11403383314609528
2017-05-16,0.0,0.11656750738620758
2017-05-17,0.0,0.18587930500507355
2017-05-18,0.0,0.14937305450439453
2017-05-19,0.0,0.13284559547901154
2017-05-22,0.0,0.14307302236557007
2017-05-23,0.0,0.1527452915906906
2017-05-24,0.0,0.13504908978939056
2017-05-25,0.0,0.12264613062143326
2017-05-26,0.0,0.17079617083072662
2017-05-30,0.0,0.1619769185781479
2017-05-31,0.0,0.12292562425136566
2017-06-01,0.0,0.10932371765375137
2017-06-02,0.0,0.12817807495594025
2017-06-05,0.0,0.16401292383670807
2017-06-06,0.0,0.12043602019548416
2017-06-07,0.0,0.12314970046281815
2017-06-08,0.0,0.10672160983085632
2017-06-09,0.0,0.10430340468883514
2017-06-12,0.0,0.10251270234584808
2017-06-13,0.0,0.1288120448589325
2017-06-14,0.0,0.11939737200737
2017-06-15,0.0,0.1341520994901657
2017-06-16,0.0,0.1273438036441803
2017-06-19,0.0,0.14886462688446045
2017-06-20,0.0,0.12678545713424683
2017-06-21,0.0,0.13031017780303955
2017-06-22,0.0,0.1219581738114357
2017-06-23,0.0,0.1308354288339615
2017-06-26,0.0,0.14838789403438568
2017-06-27,0.0,0.11927948147058487
2017-06-28,0.0,0.12321998924016953
2017-06-29,0.0,0.1264326572418213
2017-06-30,0.0,0.14217238128185272
2017-07-03,0.0,0.19710075855255127
2017-07-05,0.0,0.1088574007153511
2017-07-06,0.0,0.14903949201107025
2017-07-07,0.0,0.15660782158374786
2017-07-10,0.0,0.1538512408733368
2017-07-11,0.0,0.15177564322948456
2017-07-12,0.0,0.151521235704422
2017-07-13,0.0,0.14970138669013977
2017-07-14,0.0,0.17232561111450195
2017-07-17,0.0,0.15124984085559845
2017-07-18,0.0,0.13717342913150787
2017-07-19,0.0,0.14617493748664856
2017-07-20,0.0,0.12647774815559387
2017-07-21,0.0,0.1554693877696991
2017-07-24,0.0,0.1485840231180191
2017-07-25,0.0,0.10481073707342148
2017-07-26,0.0,0.11295334994792938
2017-07-27,0.0,0.10113460570573807
2017-07-28,0.0,0.14322370290756226
2017-07-31,0.0,0.1285044252872467
2017-08-01,0.0,0.12425432354211807
2017-08-02,0.0,0.12836913764476776
2017-08-03,0.0,0.11527363210916519
2017-08-04,0.0,0.1357448697090149
2017-08-07,0.0,0.16125914454460144
2017-08-08,0.0,0.11875274032354355
2017-08-09,0.0,0.1428484469652176
2017-08-10,0.0,0.13945558667182922
2017-08-11,0.0,0.14915992319583893
2017-08-14,0.0,0.16349726915359497
2017-08-15,0.0,0.1622755229473114
2017-08-16,0.0,0.15771012008190155
2017-08-17,0.0,0.14979737997055054
2017-08-18,0.0,0.16333121061325073
2017-08-21,0.0,0.17319421470165253
2017-08-22,0.0,0.1492418348789215
2017-08-23,0.0,0.1618584394454956
2017-08-24,0.0,0.16365735232830048
2017-08-25,0.0,0.18831296265125275
2017-08-28,0.0,0.17867088317871094
2017-08-29,0.0,0.1758667379617691
2017-08-30,0.0,0.18253116309642792
2017-08-31,0.0,0.1359781175851822
2017-09-01,0.0,0.17653192579746246
2017-09-05,0.0,0.11688004434108734
2017-09-06,0.0,0.15029938519001007
2017-09-07,0.0,0.15127740800380707
2017-09-08,0.0,0.15433186292648315
2017-09-11,0.0,0.12542161345481873
2017-09-12,0.0,0.12738561630249023
2017-09-13,0.0,0.12168311327695847
2017-09-14,0.0,0.11683414876461029
2017-09-15,0.0,0.14119741320610046
2017-09-18,0.0,0.1405000388622284
2017-09-19,0.0,0.142611563205719
2017-09-20,0.0,0.1180683895945549
2017-09-21,0.0,0.13909797370433807
2017-09-22,0.0,0.17187467217445374
2017-09-25,0.0,0.16199834644794464
2017-09-26,0.0,0.1431022733449936
2017-09-27,0.0,0.1147891953587532
2017-09-28,0.0,0.13490232825279236
2017-09-29,0.0,0.12385283410549164
2017-10-02,0.0,0.12303432077169418
2017-10-03,0.0,0.13737864792346954
2017-10-04,0.0,0.1394510120153427
2017-10-05,0.0,0.12936872243881226
2017-10-06,0.0,0.15686176717281342
2017-10-09,0.0,0.1851443648338318
2017-10-10,0.0,0.1447276622056961
2017-10-11,0.0,0.14056992530822754
2017-10-12,0.0,0.12279690057039261
2017-10-13,0.0,0.128262460231781
2017-10-16,0.0,0.13987167179584503
2017-10-17,0.0,0.13907067477703094
2017-10-18,0.0,0.13415144383907318
2017-10-19,0.0,0.12777456641197205
2017-10-20,0.0,0.13518434762954712
2017-10-23,0.0,0.12110763043165207
2017-10-24,0.0,0.10402331501245499
2017-10-25,0.0,0.10260377824306488
2017-10-26,0.0,0.09896478056907654
2017-10-27,0.0,0.08864478021860123
2017-10-30,0.0,0.0979391410946846
2017-10-31,0.0,0.07768633961677551
2017-11-01,0.0,0.08236619085073471
2017-11-02,0.0,0.08798205107450485
2017-11-03,0.0,0.10405740141868591
2017-11-06,0.0,0.09643518924713135
2017-11-07,0.0,0.08028645068407059
2017-11-08,0.0,0.07915350794792175
2017-11-09,0.0,0.09478487819433212
2017-11-10,0.0,0.10946733504533768
2017-11-13,0.0,0.10213232040405273
2017-11-14,0.0,0.09122168272733688
2017-11-15,0.0,0.10958199948072433
2017-11-16,0.0,0.09527834504842758
2017-11-17,0.0,0.12387106567621231
2017-11-20,0.0,0.15418796241283417
2017-11-21,0.0,0.11899542063474655
2017-11-22,0.0,0.14569240808486938
2017-11-24,0.0,0.1761568933725357
2017-11-27,0.0,0.12887828052043915
2017-11-28,0.0,0.07588183134794235
2017-11-29,0.0,0.07993134111166
2017-11-30,0.0,0.07469074428081512
2017-12-01,0.0,0.0828557163476944
2017-12-04,0.0,0.06885683536529541
2017-12-05,0.0,0.08677499741315842
2017-12-06,0.0,0.1092342659831047
2017-12-07,0.0,0.08818850666284561
2017-12-08,0.0,0.11496417224407196
2017-12-11,0.0,0.0979807898402214
2017-12-12,0.0,0.08616341650485992
2017-12-13,0.0,0.0835992842912674
2017-12-14,0.0,0.08943285048007965
2017-12-15,0.0,0.10155046731233597
2017-12-18,0.0,0.08784089237451553
2017-12-19,0.0,0.09021009504795074
2017-12-20,0.0,0.09739468991756439
2017-12-21,0.0,0.0965447798371315
2017-12-22,0.0,0.1619628369808197
2017-12-26,0.0,0.17027851939201355
2017-12-27,0.0,0.17783446609973907
2017-12-28,0.0,0.20567843317985535
2017-12-29,0.0,0.15116557478904724
2018-01-02,0.0,0.09327595680952072
2018-01-03,0.0,0.07887861132621765
2018-01-04,0.0,0.0733887255191803
2018-01-05,0.0,0.10858072340488434
2018-01-08,0.0,0.08235017955303192
2018-01-09,0.0,0.09922787547111511
2018-01-10,0.0,0.09010070562362671
2018-01-11,0.0,0.0879317969083786
2018-01-12,0.0,0.09584459662437439
2018-01-16,0.0,0.09745202213525772
2018-01-17,0.0,0.08354293555021286
2018-01-18,0.0,0.07956996560096741
2018-01-19,0.0,0.087283656001091
2018-01-22,0.0,0.08889873325824738
2018-01-23,0.0,0.08881600946187973
2018-01-24,0.0,0.08893240243196487
2018-01-25,0.0,0.08008967339992523
2018-01-26,0.0,0.09296511858701706
2018-01-29,0.0,0.07750676572322845
2018-01-30,0.0,0.08351117372512817
2018-01-31,0.0,0.0840291753411293
2018-02-01,1.0,0.07492374628782272
2018-02-02,1.0,0.09319815039634705
2018-02-05,0.0,0.16808025538921356
2018-02-06,0.0,0.17851826548576355
2018-02-07,1.0,0.12084303051233292
2018-02-08,0.0,0.25992050766944885
2018-02-09,0.0,0.2155124396085739
2018-02-12,0.0,0.13708610832691193
2018-02-13,0.0,0.1487472802400589
2018-02-14,0.0,0.12957574427127838
2018-02-15,0.0,0.1309945434331894
2018-02-16,0.0,0.12199311703443527
2018-02-20,0.0,0.1273368000984192
2018-02-21,0.0,0.12735597789287567
2018-02-22,0.0,0.12548679113388062
2018-02-23,0.0,0.14266163110733032
2018-02-26,0.0,0.12897735834121704
2018-02-27,0.0,0.11947835981845856
2018-02-28,0.0,0.15001143515110016
2018-03-01,0.0,0.23731729388237
2018-03-02,0.0,0.14630192518234253
2018-03-05,0.0,0.12087006866931915
2018-03-06,0.0,0.14543569087982178
2018-03-07,0.0,0.14998354017734528
2018-03-08,0.0,0.15026193857192993
2018-03-09,0.0,0.1259879171848297
2018-03-12,0.0,0.13827010989189148
2018-03-13,0.0,0.12378299236297607
2018-03-14,0.0,0.1252581924200058
2018-03-15,0.0,0.1152586042881012
2018-03-16,0.0,0.13397157192230225
2018-03-19,0.0,0.1969371736049652
2018-03-20,0.0,0.15102580189704895
2018-03-21,1.0,0.15903860330581665
2018-03-22,1.0,0.2510400414466858
2018-03-23,0.0,0.26763683557510376
2018-03-26,0.0,0.17403067648410797
2018-03-27,0.0,0.22032101452350616
2018-03-28,0.0,0.28905415534973145
2018-03-29,1.0,0.19349703192710876
2018-04-02,0.0,0.2839687466621399
2018-04-03,0.0,0.17879027128219604
2018-04-04,0.0,0.16653291881084442
2018-04-05,1.0,0.1721007078886032
2018-04-06,0.0,0.23315227031707764
2018-04-09,0.0,0.22801455855369568
2018-04-10,0.0,0.1335201859474182
2018-04-11,0.0,0.202251136302948
2018-04-12,0.0,0.1806313842535019
2018-04-13,0.0,0.20362411439418793
2018-04-16,0.0,0.16761384904384613
2018-04-17,0.0,0.1537339836359024
2018-04-18,0.0,0.14010900259017944
2018-04-19,0.0,0.13724172115325928
2018-04-20,0.0,0.1583091765642166
2018-04-23,0.0,0.19832822680473328
2018-04-24,0.0,0.20198479294776917
2018-04-25,0.0,0.1912408173084259
2018-04-26,0.0,0.12989751994609833
2018-04-27,0.0,0.16047553718090057
2018-04-30,0.0,0.18475790321826935
2018-05-01,0.0,0.17306303977966309
2018-05-02,0.0,0.17642763257026672
2018-05-03,0.0,0.2557981312274933
2018-05-04,0.0,0.15637914836406708
2018-05-07,0.0,0.18025587499141693
2018-05-08,0.0,0.14506825804710388
2018-05-09,0.0,0.10512711107730865
2018-05-10,0.0,0.12349355220794678
2018-05-11,0.0,0.16128851473331451
2018-05-14,0.0,0.15045611560344696
2018-05-15,0.0,0.14373014867305756
2018-05-16,0.0,0.13706770539283752
2018-05-17,0.0,0.12232228368520737
2018-05-18,0.0,0.13796642422676086
2018-05-21,0.0,0.13905967772006989
2018-05-22,0.0,0.12685908377170563
2018-05-23,0.0,0.13469198346138
2018-05-24,0.0,0.1409509927034378
2018-05-25,0.0,0.17697732150554657
2018-05-29,0.0,0.1699487268924713
2018-05-30,0.0,0.14522117376327515
2018-05-31,0.0,0.1766292154788971
2018-06-01,0.0,0.1315363049507141
2018-06-04,0.0,0.137612983584404
2018-06-05,0.0,0.1294931173324585
2018-06-06,0.0,0.10926211625337601
2018-06-07,0.0,0.10926062613725662
2018-06-08,0.0,0.13504330813884735
2018-06-11,0.0,0.13596993684768677
2018-06-12,0.0,0.10150784999132156
2018-06-13,0.0,0.10744263976812363
2018-06-14,0.0,0.12274173647165298
2018-06-15,0.0,0.1629420965909958
2018-06-18,0.0,0.14381369948387146
2018-06-19,0.0,0.12244655936956406
2018-06-20,0.0,0.13085465133190155
2018-06-21,0.0,0.14054034650325775
2018-06-22,0.0,0.15608368813991547
2018-06-25,0.0,0.17347806692123413
2018-06-26,0.0,0.13408638536930084
2018-06-27,0.0,0.1408083289861679
2018-06-28,0.0,0.1491708904504776
2018-06-29,0.0,0.12752704322338104
2018-07-02,0.0,0.17652209103107452
2018-07-03,0.0,0.2422521561384201
2018-07-05,0.0,0.11618145555257797
2018-07-06,0.0,0.1492854505777359
2018-07-09,0.0,0.1103401705622673
2018-07-10,0.0,0.12189987301826477
2018-07-11,0.0,0.13093562424182892
2018-07-12,0.0,0.14601632952690125
2018-07-13,0.0,0.16697408258914948
2018-07-16,0.0,0.13970443606376648
2018-07-17,0.0,0.13254043459892273
2018-07-18,0.0,0.1227060854434967
2018-07-19,0.0,0.12243223190307617
2018-07-20,0.0,0.1469307392835617
2018-07-23,0.0,0.14834648370742798
2018-07-24,0.0,0.11014596372842789
2018-07-25,0.0,0.1017996221780777
2018-07-26,0.0,0.10362877696752548
2018-07-27,0.0,0.13024313747882843
2018-07-30,0.0,0.13931606709957123
2018-07-31,0.0,0.12198621034622192
2018-08-01,0.0,0.11554401367902756
2018-08-02,0.0,0.11597338318824768
2018-08-03,0.0,0.1500129997730255
2018-08-06,0.0,0.1490154266357422
2018-08-07,0.0,0.11256818473339081
2018-08-08,0.0,0.13383717834949493
2018-08-09,0.0,0.12303157895803452
2018-08-10,0.0,0.1291365623474121
2018-08-13,0.0,0.15424293279647827
2018-08-14,0.0,0.13273444771766663
2018-08-15,0.0,0.13203099370002747
2018-08-16,0.0,0.12705519795417786
2018-08-17,0.0,0.13969729840755463
2018-08-20,0.0,0.15367355942726135
2018-08-21,0.0,0.10857555270195007
2018-08-22,0.0,0.13280348479747772
2018-08-23,0.0,0.13841649889945984
2018-08-24,0.0,0.16874931752681732
2018-08-27,0.0,0.14321178197860718
2018-08-28,0.0,0.15912501513957977
2018-08-29,0.0,0.14295022189617157
2018-08-30,0.0,0.14026068150997162
2018-08-31,0.0,0.1552901268005371
2018-09-04,0.0,0.12435958534479141
2018-09-05,0.0,0.12224239856004715
2018-09-06,0.0,0.13522526621818542
2018-09-07,0.0,0.143691286444664
2018-09-10,0.0,0.1630946546792984
2018-09-11,0.0,0.1535390466451645
2018-09-12,0.0,0.12188268452882767
2018-09-13,0.0,0.11587974429130554
2018-09-14,0.0,0.11719898134469986
2018-09-17,0.0,0.1378234624862671
2018-09-18,0.0,0.11270944774150848
2018-09-19,0.0,0.12421993166208267
2018-09-20,0.0,0.09522800892591476
2018-09-21,0.0,0.12482533603906631
2018-09-24,0.0,0.14609748125076294
2018-09-25,0.0,0.1121850535273552
2018-09-26,0.0,0.1096748486161232
2018-09-27,0.0,0.13274076581001282
2018-09-28,0.0,0.11617682129144669
2018-10-01,0.0,0.10575654357671738
2018-10-02,0.0,0.09617239236831665
2018-10-03,0.0,0.09945227205753326
2018-10-04,0.0,0.11467421799898148
2018-10-05,0.0,0.12982389330863953
2018-10-08,0.0,0.12567947804927826
2018-10-09,1.0,0.11168713122606277
2018-10-10,1.0,0.23884135484695435
2018-10-11,0.0,0.3120889663696289
2018-10-12,0.0,0.19598688185214996
2018-10-15,0.0,0.21522226929664612
2018-10-16,0.0,0.1697980910539627
2018-10-17,0.0,0.1620800495147705
2018-10-18,0.0,0.21674421429634094
2018-10-19,0.0,0.18631629645824432
2018-10-22,0.0,0.19583632051944733
2018-10-23,1.0,0.32946550846099854
2018-10-24,0.0,0.37208715081214905
2018-10-25,0.0,0.3063124418258667
2018-10-26,0.0,0.3577863276004791
2018-10-29,0.0,0.3527061939239502
2018-10-30,0.0,0.33620312809944153
2018-10-31,0.0,0.3289393484592438
2018-11-01,0.0,0.22807277739048004
2018-11-02,0.0,0.21667365729808807
2018-11-05,0.0,0.19140368700027466
2018-11-06,0.0,0.19064518809318542
2018-11-07,0.0,0.1153915673494339
2018-11-08,0.0,0.1312381625175476
2018-11-09,0.0,0.20418910682201385
2018-11-12,0.0,0.24889349937438965
2018-11-13,0.0,0.25962352752685547
2018-11-14,0.0,0.2943449914455414
2018-11-15,0.0,0.25723811984062195
2018-11-16,0.0,0.21996979415416718
2018-11-19,0.0,0.28012755513191223
2018-11-20,0.0,0.3971448540687561
2018-11-21,0.0,0.276127427816391
2018-11-23,0.0,0.37019082903862
2018-11-26,0.0,0.27529439330101013
2018-11-27,0.0,0.26353293657302856
2018-11-28,0.0,0.20858080685138702
2018-11-29,0.0,0.23266032338142395
2018-11-30,0.0,0.20142966508865356
2018-12-03,1.0,0.17223161458969116
2018-12-04,0.0,0.2790628671646118
2018-12-06,1.0,0.34680819511413574
2018-12-07,0.0,0.2972286343574524
2018-12-10,0.0,0.3312952220439911
2018-12-11,0.0,0.2856658399105072
2018-12-12,0.0,0.30314409732818604
2018-12-13,0.0,0.2811545729637146
2018-12-14,1.0,0.42190301418304443
2018-12-17,0.0,0.4146641194820404
2018-12-18,0.0,0.32132741808891296
2018-12-19,0.0,0.47815489768981934
2018-12-20,1.0,0.5404627919197083
2018-12-21,1.0,0.5934755206108093
2018-12-24,0.0,0.6364015936851501
2018-12-26,0.0,0.3579633831977844
2018-12-27,0.0,0.42571550607681274
2018-12-28,0.0,0.3802284598350525
2018-12-31,0.0,0.30952492356300354
2019-01-02,1.0,0.36496391892433167
2019-01-03,0.0,0.3714248239994049
2019-01-04,0.0,0.3037858307361603
2019-01-07,0.0,0.3430284857749939
2019-01-08,0.0,0.3403574228286743
2019-01-09,0.0,0.3259389400482178
2019-01-10,0.0,0.3113449513912201
2019-01-11,0.0,0.29775646328926086
2019-01-14,0.0,0.3389909565448761
2019-01-15,0.0,0.30298522114753723
2019-01-16,0.0,0.32290515303611755
2019-01-17,0.0,0.29089415073394775
2019-01-18,0.0,0.271878182888031
2019-01-22,0.0,0.38160237669944763
2019-01-23,0.0,0.2829735577106476
2019-01-24,0.0,0.2870278060436249
2019-01-25,0.0,0.3106316328048706
2019-01-28,0.0,0.33128824830055237
2019-01-29,0.0,0.2925509512424469
2019-01-30,0.0,0.2391829788684845
2019-01-31,0.0,0.2319382280111313
2019-02-01,0.0,0.24246762692928314
2019-02-04,0.0,0.2340335249900818
2019-02-05,0.0,0.2090419977903366
2019-02-06,0.0,0.255180686712265
2019-02-07,0.0,0.34748029708862305
2019-02-08,0.0,0.2612115740776062
2019-02-11,0.0,0.25493282079696655
2019-02-12,0.0,0.1757100522518158
2019-02-13,0.0,0.19004511833190918
2019-02-14,0.0,0.2638709247112274
2019-02-15,0.0,0.16945195198059082
2019-02-19,0.0,0.18893137574195862
2019-02-20,0.0,0.19554436206817627
2019-02-21,0.0,0.2056363970041275
2019-02-22,0.0,0.18641886115074158
2019-02-25,0.0,0.20350125432014465
2019-02-26,0.0,0.17793332040309906
2019-02-27,0.0,0.2143789529800415
2019-02-28,0.0,0.23036225140094757
2019-03-01,0.0,0.16231487691402435
2019-03-04,0.0,0.21013662219047546
2019-03-05,0.0,0.18367446959018707
2019-03-06,0.0,0.2545706033706665
2019-03-07,0.0,0.3086956739425659
2019-03-08,0.0,0.26164111495018005
2019-03-11,0.0,0.16011478006839752
2019-03-12,0.0,0.1767178475856781
2019-03-13,0.0,0.13422977924346924
2019-03-14,0.0,0.16328412294387817
2019-03-15,0.0,0.19410932064056396
2019-03-18,0.0,0.15897879004478455
2019-03-19,0.0,0.1390666961669922
2019-03-20,0.0,0.14604900777339935
2019-03-21,0.0,0.13154767453670502
2019-03-22,0.0,0.21730469167232513
2019-03-25,0.0,0.23361635208129883
2019-03-26,0.0,0.1624109297990799
2019-03-27,0.0,0.2161649763584137
2019-03-28,0.0,0.20784315466880798
2019-03-29,0.0,0.1321508288383484
2019-04-01,0.0,0.13623805344104767
2019-04-02,0.0,0.14613120257854462
2019-04-03,0.0,0.14023064076900482
2019-04-04,0.0,0.1543034464120865
2019-04-05,0.0,0.1587572991847992
2019-04-08,0.0,0.15902909636497498
2019-04-09,0.0,0.16535307466983795
2019-04-10,0.0,0.1499914526939392
2019-04-11,0.0,0.1548411250114441
2019-04-12,0.0,0.12803497910499573
2019-04-15,0.0,0.16084201633930206
2019-04-16,0.0,0.15189459919929504
2019-04-17,0.0,0.13387532532215118
2019-04-18,0.0,0.13991640508174896
2019-04-22,0.0,0.16280068457126617
2019-04-23,0.0,0.13265104591846466
2019-04-24,0.0,0.13613969087600708
2019-04-25,0.0,0.15625709295272827
2019-04-26,0.0,0.15839341282844543
2019-04-29,0.0,0.17239703238010406
2019-04-30,0.0,0.13777723908424377
2019-05-01,0.0,0.13677076995372772
2019-05-02,0.0,0.15944185853004456
2019-05-03,0.0,0.14364635944366455
2019-05-06,0.0,0.16478075087070465
2019-05-07,0.0,0.22995057702064514
2019-05-08,0.0,0.18073780834674835
2019-05-09,0.0,0.18431541323661804
2019-05-10,1.0,0.1834026724100113
2019-05-13,0.0,0.35654953122138977
2019-05-14,0.0,0.22946171462535858
2019-05-15,0.0,0.22988399863243103
2019-05-16,0.0,0.1656864732503891
2019-05-17,0.0,0.19885899126529694
2019-05-20,0.0,0.2560458779335022
2019-05-21,0.0,0.19785526394844055
2019-05-22,0.0,0.22096401453018188
2019-05-23,0.0,0.3268352448940277
2019-05-24,0.0,0.23218491673469543
2019-05-28,0.0,0.2617712616920471
2019-05-29,0.0,0.3658360242843628
2019-05-30,0.0,0.2770460844039917
2019-05-31,0.0,0.33466029167175293
2019-06-03,0.0,0.34165871143341064
2019-06-04,0.0,0.20631512999534607
2019-06-05,0.0,0.23030917346477509
2019-06-06,0.0,0.2011081725358963
2019-06-07,0.0,0.18481989204883575
2019-06-10,0.0,0.18498556315898895
2019-06-11,0.0,0.18043012917041779
2019-06-12,0.0,0.2281704992055893
2019-06-13,0.0,0.18301959335803986
2019-06-14,0.0,0.1932501196861267
2019-06-17,0.0,0.21447664499282837
2019-06-18,0.0,0.14889222383499146
2019-06-19,0.0,0.1740926206111908
2019-06-20,0.0,0.12051448225975037
2019-06-21,0.0,0.14888153970241547
2019-06-24,0.0,0.19931408762931824
2019-06-25,0.0,0.18894629180431366
2019-06-26,0.0,0.21206922829151154
2019-06-27,0.0,0.19263659417629242
2019-06-28,0.0,0.14187924563884735
2019-07-01,0.0,0.16260012984275818
2019-07-02,0.0,0.1792539805173874
2019-07-03,0.0,0.2113671600818634
2019-07-05,0.0,0.1797999143600464
2019-07-08,0.0,0.15556006133556366
2019-07-09,0.0,0.17195264995098114
2019-07-10,0.0,0.1238020658493042
2019-07-11,0.0,0.12258951365947723
2019-07-12,0.0,0.1755702644586563
2019-07-15,0.0,0.1764765828847885
2019-07-16,0.0,0.12360015511512756
2019-07-17,0.0,0.16022689640522003
2019-07-18,0.0,0.13841857016086578
2019-07-19,0.0,0.15810595452785492
2019-07-22,0.0,0.17800405621528625
2019-07-23,0.0,0.14068734645843506
2019-07-24,0.0,0.13456030189990997
2019-07-25,0.0,0.13609176874160767
2019-07-26,0.0,0.12749791145324707
2019-07-29,0.0,0.13622085750102997
2019-07-30,0.0,0.13534300029277802
2019-07-31,0.0,0.17222172021865845
2019-08-01,0.0,0.15872056782245636
2019-08-02,1.0,0.18571700155735016
2019-08-05,0.0,0.3827075660228729
2019-08-06,0.0,0.24912911653518677
2019-08-07,0.0,0.2620384991168976
2019-08-08,0.0,0.16129158437252045
2019-08-09,0.0,0.1985657662153244
2019-08-12,0.0,0.2679431736469269
2019-08-13,1.0,0.15626415610313416
2019-08-14,0.0,0.31730055809020996
2019-08-15,0.0,0.34783443808555603
2019-08-16,0.0,0.21081945300102234
2019-08-19,0.0,0.18140524625778198
2019-08-20,0.0,0.23125120997428894
2019-08-21,0.0,0.194566547870636
2019-08-22,1.0,0.2000989466905594
2019-08-23,0.0,0.3130505681037903
2019-08-26,0.0,0.25189244747161865
2019-08-27,0.0,0.22056306898593903
2019-08-28,0.0,0.23460909724235535
2019-08-29,0.0,0.18193727731704712
2019-08-30,0.0,0.21376951038837433
2019-09-03,0.0,0.1989622712135315
2019-09-04,0.0,0.16993102431297302
2019-09-05,0.0,0.13335320353507996
2019-09-06,0.0,0.18223144114017487
2019-09-09,0.0,0.1635584533214569
2019-09-10,0.0,0.16137370467185974
2019-09-11,0.0,0.1372445523738861
2019-09-12,0.0,0.11534149944782257
2019-09-13,0.0,0.14459532499313354
2019-09-16,0.0,0.1579480916261673
2019-09-17,0.0,0.15130238234996796
2019-09-18,0.0,0.18009300529956818
2019-09-19,0.0,0.17579199373722076
2019-09-20,0.0,0.15457238256931305
2019-09-23,0.0,0.20517949759960175
2019-09-24,0.0,0.18536528944969177
2019-09-25,0.0,0.20021824538707733
2019-09-26,0.0,0.17901869118213654
2019-09-27,0.0,0.19243185222148895
2019-09-30,0.0,0.19337734580039978
2019-10-01,0.0,0.19794170558452606
2019-10-02,0.0,0.3230536878108978
2019-10-03,0.0,0.22666458785533905
2019-10-04,0.0,0.17348411679267883
2019-10-07,0.0,0.21952904760837555
2019-10-08,0.0,0.22789636254310608
2019-10-09,0.0,0.19281433522701263
2019-10-10,0.0,0.1765715330839157
2019-10-11,0.0,0.1634175181388855
2019-10-14,0.0,0.19188353419303894
2019-10-15,0.0,0.14639213681221008
2019-10-16,0.0,0.1698119044303894
2019-10-17,0.0,0.1740066260099411
2019-10-18,0.0,0.18421564996242523
2019-10-21,0.0,0.14626482129096985
2019-10-22,0.0,0.1373635083436966
2019-10-23,0.0,0.15332815051078796
2019-10-24,0.0,0.12486353516578674
2019-10-25,0.0,0.13925792276859283
2019-10-28,0.0,0.1321307271718979
2019-10-29,0.0,0.12855134904384613
2019-10-30,0.0,0.1220833957195282
2019-10-31,0.0,0.12272811681032181
2019-11-01,0.0,0.11349134147167206
2019-11-04,0.0,0.11235421150922775
2019-11-05,0.0,0.11146718263626099
2019-11-06,0.0,0.1131153330206871
2019-11-07,0.0,0.10064379870891571
2019-11-08,0.0,0.12775477766990662
2019-11-11,0.0,0.1416640430688858
2019-11-12,0.0,0.11080056428909302
2019-11-13,0.0,0.12144167721271515
2019-11-14,0.0,0.110057532787323
2019-11-15,0.0,0.13160988688468933
2019-11-18,0.0,0.11648964881896973
2019-11-19,0.0,0.11152484267950058
2019-11-20,0.0,0.10544364154338837
2019-11-21,0.0,0.10042315721511841
2019-11-22,0.0,0.13168177008628845
2019-11-25,0.0,0.12002314627170563
2019-11-26,0.0,0.11728707700967789
2019-11-27,0.0,0.14307013154029846
2019-11-29,0.0,0.21914614737033844
2019-12-02,0.0,0.11370322108268738
2019-12-03,0.0,0.09942165017127991
2019-12-04,0.0,0.07807682454586029
2019-12-05,0.0,0.09777631610631943
2019-12-06,0.0,0.10101409256458282
2019-12-09,0.0,0.0908806174993515
2019-12-10,0.0,0.08952051401138306
2019-12-11,0.0,0.09942814707756042
2019-12-12,0.0,0.1005174070596695
2019-12-13,0.0,0.09297826886177063
2019-12-16,0.0,0.1116618737578392
2019-12-17,0.0,0.09869609773159027
2019-12-18,0.0,0.09765268862247467
2019-12-19,0.0,0.10609833151102066
2019-12-20,0.0,0.17877867817878723
2019-12-23,0.0,0.14940239489078522
2019-12-24,0.0,0.2096795290708542
2019-12-26,0.0,0.21101108193397522
2019-12-27,0.0,0.21122844517230988
2019-12-30,0.0,0.16192758083343506
2019-12-31,0.0,0.15009640157222748
2020-01-02,0.0,0.1361864060163498
2020-01-03,0.0,0.11561144143342972
2020-01-06,0.0,0.0870671421289444
2020-01-07,0.0,0.09103751182556152
2020-01-08,0.0,0.08999882638454437
2020-01-09,0.0,0.1008114293217659
2020-01-10,0.0,0.12387900054454803
2020-01-13,0.0,0.13573256134986877
2020-01-14,0.0,0.1169300451874733
2020-01-15,0.0,0.11662543565034866
2020-01-16,0.0,0.13417458534240723
2020-01-17,0.0,0.13339191675186157
2020-01-21,0.0,0.11326450854539871
2020-01-22,0.0,0.1294725090265274
2020-01-23,0.0,0.10775972157716751
2020-01-24,0.0,0.11398210376501083
2020-01-27,0.0,0.09903142601251602
2020-01-28,0.0,0.11004038155078888
2020-01-29,0.0,0.11984961479902267
2020-01-30,0.0,0.11352643370628357
2020-01-31,0.0,0.15258453786373138
2020-02-03,0.0,0.11269862949848175
2020-02-04,0.0,0.10254643857479095
2020-02-05,0.0,0.10389361530542374
2020-02-06,0.0,0.10596251487731934
2020-02-07,0.0,0.11433249711990356
2020-02-10,0.0,0.10689954459667206
2020-02-11,0.0,0.10828401148319244
2020-02-12,0.0,0.11035028845071793
2020-02-13,0.0,0.10066753625869751
2020-02-14,0.0,0.10480997711420059
2020-02-18,0.0,0.09972930699586868
2020-02-19,0.0,0.10685721784830093
2020-02-20,0.0,0.10737045854330063
2020-02-21,1.0,0.09729980677366257
2020-02-24,1.0,0.23630020022392273
2020-02-25,0.0,0.25010624527931213
2020-02-26,1.0,0.2622462213039398
2020-02-27,0.0,0.43090447783470154
2020-02-28,0.0,0.48456504940986633
2020-03-02,1.0,0.21466951072216034
2020-03-03,0.0,0.3652728497982025
2020-03-04,1.0,0.1892779916524887
2020-03-05,0.0,0.3489990532398224
2020-03-06,1.0,0.4332621991634369
2020-03-09,0.0,0.6448180675506592
2020-03-10,1.0,0.4451071619987488
2020-03-11,1.0,0.5815322995185852
2020-03-12,0.0,0.8331305980682373
2020-03-13,1.0,0.7228541374206543
2020-03-16,0.0,0.8192011117935181
2020-03-17,1.0,0.8009910583496094
2020-03-18,0.0,0.814628005027771
2020-03-19,1.0,0.8267539739608765
2020-03-20,1.0,0.8109157681465149
2020-03-23,0.0,0.7986263036727905
2020-03-24,0.0,0.8052572011947632
2020-03-25,0.0,0.8149900436401367
2020-03-26,1.0,0.6778784394264221
2020-03-27,0.0,0.7818548083305359
2020-03-30,0.0,0.6561432480812073
2020-03-31,1.0,0.6822232007980347
2020-04-01,0.0,0.7886188626289368
2020-04-02,0.0,0.7553750276565552
2020-04-03,0.0,0.7374268770217896
2020-04-06,0.0,0.6075109243392944
2020-04-07,0.0,0.5667595267295837
2020-04-08,0.0,0.5802946090698242
2020-04-09,0.0,0.5371189117431641
2020-04-13,0.0,0.4428237974643707
2020-04-14,1.0,0.39428091049194336
2020-04-15,0.0,0.5413855314254761
2020-04-16,0.0,0.4516534209251404
2020-04-17,0.0,0.4162675142288208
2020-04-20,1.0,0.5801321864128113
2020-04-21,0.0,0.5727114081382751
2020-04-22,0.0,0.4325931668281555
2020-04-23,0.0,0.5740723609924316
2020-04-24,0.0,0.4256482720375061
2020-04-27,0.0,0.49686533212661743
2020-04-28,0.0,0.4963638186454773
2020-04-29,0.0,0.4517441987991333
2020-04-30,1.0,0.5226488709449768
2020-05-01,0.0,0.447394996881485
2020-05-04,0.0,0.5037891864776611
2020-05-05,0.0,0.4439294934272766
2020-05-06,0.0,0.5134760141372681
2020-05-07,0.0,0.4346858859062195
2020-05-08,0.0,0.4036475419998169
2020-05-11,1.0,0.41165676712989807
2020-05-12,0.0,0.4904365837574005
2020-05-13,0.0,0.5594888925552368
2020-05-14,0.0,0.5336008667945862
2020-05-15,0.0,0.4041368067264557
2020-05-18,0.0,0.42691412568092346
2020-05-19,0.0,0.3842053711414337
2020-05-20,0.0,0.3225235641002655
2020-05-21,0.0,0.41182300448417664
2020-05-22,0.0,0.29959869384765625
2020-05-26,0.0,0.4018092155456543
2020-05-27,0.0,0.3367510735988617
2020-05-28,0.0,0.28836554288864136
2020-05-29,0.0,0.3091976046562195
2020-06-01,0.0,0.2645028829574585
2020-06-02,0.0,0.2658390700817108
2020-06-03,0.0,0.24204830825328827
2020-06-04,0.0,0.281016081571579
2020-06-05,0.0,0.1533566415309906
2020-06-08,0.0,0.15647271275520325
2020-06-09,0.0,0.15085865557193756
2020-06-10,1.0,0.1621827781200409
2020-06-11,0.0,0.3461001515388489
2020-06-12,0.0,0.29235997796058655
2020-06-15,0.0,0.3123968243598938
2020-06-16,0.0,0.20187121629714966
2020-06-17,0.0,0.18813470005989075
2020-06-18,0.0,0.20607492327690125
2020-06-19,0.0,0.21244868636131287
2020-06-22,0.0,0.23277893662452698
2020-06-23,1.0,0.17803961038589478
2020-06-24,0.0,0.3880847096443176
2020-06-25,1.0,0.2907555401325226
2020-06-26,0.0,0.31479477882385254
2020-06-29,0.0,0.30231305956840515
2020-06-30,0.0,0.21460378170013428
2020-07-01,0.0,0.19171065092086792
2020-07-02,0.0,0.19137246906757355
2020-07-06,0.0,0.1527959704399109
2020-07-07,0.0,0.1780596226453781
2020-07-08,0.0,0.18430311977863312
2020-07-09,0.0,0.18311893939971924
2020-07-10,0.0,0.16683229804039001
2020-07-13,0.0,0.18535403907299042
2020-07-14,0.0,0.14562785625457764
2020-07-15,0.0,0.12467226386070251
2020-07-16,0.0,0.15781362354755402
2020-07-17,0.0,0.152400404214859
2020-07-20,0.0,0.130478635430336
2020-07-21,0.0,0.12770843505859375
2020-07-22,0.0,0.1219116747379303
2020-07-23,0.0,0.13855472207069397
2020-07-24,0.0,0.14651590585708618
2020-07-27,0.0,0.16066572070121765
2020-07-28,0.0,0.1444711536169052
2020-07-29,0.0,0.1192738488316536
2020-07-30,0.0,0.13791102170944214
2020-07-31,0.0,0.12142615020275116
2020-08-03,0.0,0.1127403974533081
2020-08-04,0.0,0.11926272511482239
2020-08-05,0.0,0.10196484625339508
2020-08-06,0.0,0.10831709951162338
2020-08-07,0.0,0.11820873618125916
2020-08-10,0.0,0.11626779288053513
2020-08-11,0.0,0.1080527976155281
2020-08-12,0.0,0.11474275588989258
2020-08-13,0.0,0.13233686983585358
2020-08-14,0.0,0.13289082050323486
2020-08-17,0.0,0.13157717883586884
2020-08-18,0.0,0.12173467874526978
2020-08-19,0.0,0.130783811211586
2020-08-20,0.0,0.14488260447978973
2020-08-21,0.0,0.13438694179058075
2020-08-24,0.0,0.1291760355234146
2020-08-25,0.0,0.1290205419063568
2020-08-26,0.0,0.12739449739456177
2020-08-27,0.0,0.11888239532709122
2020-08-28,0.0,0.12460030615329742
2020-08-31,0.0,0.10203301161527634
2020-09-01,0.0,0.10823938995599747
2020-09-02,1.0,0.12887468934059143
2020-09-03,0.0,0.13102464377880096
2020-09-04,1.0,0.12016251683235168
2020-09-08,0.0,0.19255977869033813
2020-09-09,0.0,0.14432382583618164
2020-09-10,0.0,0.17980144917964935
2020-09-11,0.0,0.16609393060207367
2020-09-14,0.0,0.14807626605033875
2020-09-15,0.0,0.1453552395105362
2020-09-16,0.0,0.14786982536315918
2020-09-17,0.0,0.16066531836986542
2020-09-18,0.0,0.22581669688224792
2020-09-21,0.0,0.278048574924469
2020-09-22,1.0,0.1864810436964035
2020-09-23,0.0,0.26530981063842773
2020-09-24,0.0,0.2330949455499649
2020-09-25,0.0,0.17246541380882263
2020-09-28,0.0,0.15751677751541138
2020-09-29,0.0,0.19036436080932617
2020-09-30,0.0,0.16514122486114502
2020-10-01,0.0,0.15115313231945038
2020-10-02,0.0,0.17345473170280457
2020-10-05,0.0,0.1566377729177475
2020-10-06,0.0,0.15167294442653656
2020-10-07,0.0,0.14012248814105988
2020-10-08,0.0,0.1350138932466507
2020-10-09,0.0,0.13486233353614807
2020-10-12,0.0,0.15803126990795135
2020-10-13,0.0,0.14189767837524414
2020-10-14,0.0,0.1516023576259613
2020-10-15,0.0,0.154828280210495
2020-10-16,0.0,0.13188311457633972
2020-10-19,0.0,0.18413326144218445
2020-10-20,0.0,0.1650490015745163
2020-10-21,0.0,0.18357133865356445
2020-10-22,0.0,0.14906734228134155
2020-10-23,0.0,0.17331239581108093
2020-10-26,0.0,0.18747802078723907
2020-10-27,1.0,0.19108980894088745
2020-10-28,0.0,0.3665907680988312
2020-10-29,0.0,0.3039701282978058
2020-10-30,0.0,0.22687982022762299
2020-11-02,0.0,0.1899929940700531
2020-11-03,0.0,0.16310811042785645
2020-11-04,0.0,0.13580138981342316
2020-11-05,0.0,0.13494940102100372
2020-11-06,0.0,0.1340857595205307
2020-11-09,0.0,0.13976651430130005
2020-11-10,0.0,0.1231190636754036
2020-11-11,0.0,0.1163346916437149
2020-11-12,0.0,0.13730596005916595
2020-11-13,0.0,0.12767349183559418
2020-11-16,0.0,0.1061650887131691
2020-11-17,0.0,0.10745589435100555
2020-11-18,0.0,0.11756061017513275
2020-11-19,0.0,0.12626929581165314
2020-11-20,0.0,0.12083804607391357
2020-11-23,0.0,0.11609017103910446
2020-11-24,0.0,0.11427139490842819
2020-11-25,0.0,0.10822466760873795
2020-11-27,0.0,0.15930356085300446
2020-11-30,0.0,0.12148385494947433
2020-12-01,0.0,0.10935907065868378
2020-12-02,0.0,0.10559900850057602
2020-12-03,0.0,0.09962156414985657
2020-12-04,0.0,0.11003062129020691
2020-12-07,0.0,0.10272996127605438
2020-12-08,0.0,0.10502727329730988
2020-12-09,0.0,0.1033514067530632
2020-12-10,0.0,0.10086382925510406
2020-12-11,0.0,0.11767861247062683
2020-12-14,0.0,0.10580732673406601
2020-12-15,0.0,0.1051512211561203
2020-12-16,0.0,0.09704111516475677
2020-12-17,0.0,0.10794182121753693
2020-12-18,0.0,0.12325733155012131
2020-12-21,0.0,0.12650947272777557
2020-12-22,0.0,0.11804031580686569
2020-12-23,0.0,0.12814141809940338
2020-12-24,0.0,0.19528649747371674
2020-12-28,0.0,0.1524612456560135
2020-12-29,0.0,0.12093164026737213
2020-12-30,0.0,0.14651910960674286
2020-12-31,0.0,0.1377500742673874
2021-01-04,0.0,0.12383224070072174
2021-01-05,0.0,0.11849352717399597
2021-01-06,0.0,0.11287049949169159
2021-01-07,0.0,0.10470703989267349
2021-01-08,0.0,0.1088612750172615
2021-01-11,0.0,0.11636240035295486
2021-01-12,0.0,0.10971815884113312
2021-01-13,0.0,0.10247653722763062
2021-01-14,0.0,0.09830120205879211
2021-01-15,0.0,0.10578280687332153
2021-01-19,0.0,0.09387864917516708
2021-01-20,0.0,0.1028648391366005
2021-01-21,0.0,0.10140815377235413
2021-01-22,0.0,0.10167524963617325
2021-01-25,0.0,0.1292877048254013
2021-01-26,1.0,0.10990777611732483
2021-01-27,0.0,0.14180874824523926
2021-01-28,0.0,0.14744722843170166
2021-01-29,0.0,0.13215959072113037
2021-02-01,0.0,0.10920334607362747
2021-02-02,0.0,0.1145944595336914
2021-02-03,0.0,0.10856331884860992
2021-02-04,0.0,0.10184864699840546
2021-02-05,0.0,0.10574349015951157
2021-02-08,0.0,0.10945843160152435
2021-02-09,0.0,0.11512967944145203
2021-02-10,0.0,0.10409210622310638
2021-02-11,0.0,0.1087091863155365
2021-02-12,0.0,0.108209028840065
2021-02-16,0.0,0.10965915769338608
2021-02-17,0.0,0.10058780759572983
2021-02-18,0.0,0.10251254588365555
2021-02-19,0.0,0.09828469902276993
2021-02-22,0.0,0.1223614513874054
2021-02-23,0.0,0.13048841059207916
2021-02-24,1.0,0.11305186152458191
2021-02-25,0.0,0.13734236359596252
2021-02-26,0.0,0.12420860677957535
2021-03-01,0.0,0.11487454921007156
2021-03-02,0.0,0.12010423094034195
2021-03-03,0.0,0.12975256145000458
2021-03-04,0.0,0.1749456822872162
2021-03-05,0.0,0.12562671303749084
2021-03-08,0.0,0.12188444286584854
2021-03-09,0.0,0.10583360493183136
2021-03-10,0.0,0.11447583884000778
2021-03-11,0.0,0.10196398198604584
2021-03-12,0.0,0.1068466380238533
2021-03-15,0.0,0.1042427122592926
2021-03-16,0.0,0.1129300445318222
2021-03-17,0.0,0.11749090254306793
2021-03-18,0.0,0.1295761913061142
2021-03-19,0.0,0.136383518576622
2021-03-22,0.0,0.1307397186756134
2021-03-23,0.0,0.13612143695354462
2021-03-24,0.0,0.13437339663505554
2021-03-25,0.0,0.12346870452165604
2021-03-26,0.0,0.11145805567502975
2021-03-29,0.0,0.11535069346427917
2021-03-30,0.0,0.11118543893098831
2021-03-31,0.0,0.11754334717988968
2021-04-01,0.0,0.10025966912508011
2021-04-05,0.0,0.1127709150314331
2021-04-06,0.0,0.11412440985441208
2021-04-07,0.0,0.10546290129423141
2021-04-08,0.0,0.11625106632709503
2021-04-09,0.0,0.13515518605709076
2021-04-12,0.0,0.12510842084884644
2021-04-13,0.0,0.12046242505311966
2021-04-14,0.0,0.10864830762147903
2021-04-15,0.0,0.11775321513414383
2021-04-16,0.0,0.11704166978597641
2021-04-19,0.0,0.12600401043891907
2021-04-20,0.0,0.10459662973880768
2021-04-21,0.0,0.11842749267816544
2021-04-22,0.0,0.11802397668361664
2021-04-23,0.0,0.138654425740242
2021-04-26,0.0,0.13208426535129547
2021-04-27,0.0,0.1258537918329239
2021-04-28,0.0,0.1242641732096672
2021-04-29,0.0,0.11888163536787033
2021-04-30,0.0,0.11658620834350586
2021-05-03,0.0,0.10934086889028549
2021-05-04,0.0,0.10662907361984253
2021-05-05,0.0,0.11683572828769684
2021-05-06,0.0,0.09422031790018082
2021-05-07,0.0,0.11519276350736618
2021-05-10,0.0,0.09711936116218567
2021-05-11,1.0,0.11758732050657272
2021-05-12,0.0,0.11255351454019547
2021-05-13,0.0,0.10227521508932114
2021-05-14,0.0,0.11805206537246704
2021-05-17,0.0,0.10803575068712234
2021-05-18,0.0,0.11275767534971237
2021-05-19,0.0,0.1052267774939537
2021-05-20,0.0,0.10647731274366379
2021-05-21,0.0,0.113027423620224
2021-05-24,0.0,0.11759387701749802
2021-05-25,0.0,0.11329017579555511
2021-05-26,0.0,0.09531322866678238
2021-05-27,0.0,0.1122041642665863
2021-05-28,0.0,0.10733421891927719
2021-06-01,0.0,0.08577360957860947
2021-06-02,0.0,0.09325955808162689
2021-06-03,0.0,0.09118420630693436
2021-06-04,0.0,0.09457580745220184
2021-06-07,0.0,0.09935976564884186
2021-06-08,0.0,0.09079834818840027
2021-06-09,0.0,0.08870472013950348
2021-06-10,0.0,0.09502977132797241
2021-06-11,0.0,0.10858326405286789
2021-06-14,0.0,0.09737052768468857
2021-06-15,0.0,0.09645769745111465
2021-06-16,0.0,0.09589944034814835
2021-06-17,0.0,0.08474985510110855
2021-06-18,0.0,0.10982695966959
2021-06-21,0.0,0.12185265868902206
2021-06-22,0.0,0.1071314886212349
2021-06-23,0.0,0.13087521493434906
2021-06-24,0.0,0.1048775240778923
2021-06-25,0.0,0.11472766846418381
2021-06-28,0.0,0.10667763650417328
2021-06-29,0.0,0.1224837452173233
2021-06-30,0.0,0.11203084886074066
2021-07-01,0.0,0.1080971509218216
2021-07-02,0.0,0.13619902729988098
2021-07-06,0.0,0.10189414024353027
2021-07-07,0.0,0.09945274889469147
2021-07-08,0.0,0.10447270423173904
2021-07-09,0.0,0.12043143063783646
2021-07-12,0.0,0.1363053321838379
2021-07-13,0.0,0.11333344876766205
2021-07-14,0.0,0.11156506836414337
2021-07-15,0.0,0.11461032927036285
2021-07-16,0.0,0.11318221688270569
2021-07-19,0.0,0.11109674721956253
2021-07-20,0.0,0.09860360622406006
2021-07-21,0.0,0.10374711453914642
2021-07-22,0.0,0.1308167427778244
2021-07-23,0.0,0.10915964841842651
2021-07-26,0.0,0.10790371149778366
2021-07-27,0.0,0.11055111140012741
2021-07-28,0.0,0.11342068016529083
2021-07-29,0.0,0.1087346002459526
2021-07-30,0.0,0.11907966434955597
2021-08-02,0.0,0.14085902273654938
2021-08-03,0.0,0.11952976137399673
2021-08-04,0.0,0.11308223009109497
2021-08-05,0.0,0.10916592180728912
2021-08-06,0.0,0.15283246338367462
2021-08-09,0.0,0.14957551658153534
2021-08-10,0.0,0.12161500751972198
2021-08-11,0.0,0.14016635715961456
2021-08-12,0.0,0.14331743121147156
2021-08-13,0.0,0.16091632843017578
2021-08-16,0.0,0.14415819942951202
2021-08-17,0.0,0.11729484051465988
2021-08-18,0.0,0.13841623067855835
2021-08-19,0.0,0.10763474553823471
2021-08-20,0.0,0.13452109694480896
2021-08-23,0.0,0.12186779826879501
2021-08-24,0.0,0.11317336559295654
2021-08-25,0.0,0.14823713898658752
2021-08-26,0.0,0.1438545137643814
2021-08-27,0.0,0.16497929394245148
2021-08-30,0.0,0.15831363201141357
2021-08-31,0.0,0.1075083389878273
2021-09-01,0.0,0.11286724358797073
2021-09-02,0.0,0.11219441890716553
2021-09-03,0.0,0.151009202003479
2021-09-07,0.0,0.1285245716571808
2021-09-08,0.0,0.1241903305053711
2021-09-09,0.0,0.12010884284973145
2021-09-10,0.0,0.14290614426136017
2021-09-13,0.0,0.13745994865894318
2021-09-14,0.0,0.14557456970214844
2021-09-15,0.0,0.13003341853618622
2021-09-16,0.0,0.1081944927573204
2021-09-17,0.0,0.17998576164245605
2021-09-20,0.0,0.15547674894332886
2021-09-21,0.0,0.13913622498512268
2021-09-22,0.0,0.14849308133125305
2021-09-23,0.0,0.14226603507995605
2021-09-24,0.0,0.1622246950864792
2021-09-27,1.0,0.14940491318702698
2021-09-28,0.0,0.15014156699180603
2021-09-29,0.0,0.13800981640815735
2021-09-30,0.0,0.1560613512992859
2021-10-01,0.0,0.14240051805973053
2021-10-04,0.0,0.13600124418735504
2021-10-05,0.0,0.13344398140907288
2021-10-06,0.0,0.13404275476932526
2021-10-07,0.0,0.13775596022605896
2021-10-08,0.0,0.16437016427516937
2021-10-11,0.0,0.15763813257217407
2021-10-12,0.0,0.14043085277080536
2021-10-13,0.0,0.13711757957935333
2021-10-14,0.0,0.1471511274576187
2021-10-15,0.0,0.15586642920970917
2021-10-18,0.0,0.14842580258846283
2021-10-19,0.0,0.14126603305339813
2021-10-20,0.0,0.15177197754383087
2021-10-21,0.0,0.12118365615606308
2021-10-22,0.0,0.1578613668680191
2021-10-25,0.0,0.12375887483358383
2021-10-26,0.0,0.11634813994169235
2021-10-27,0.0,0.1137169599533081
2021-10-28,0.0,0.10685747116804123
2021-10-29,0.0,0.11517755687236786
2021-11-01,0.0,0.11105787009000778
2021-11-02,0.0,0.10789141803979874
2021-11-03,0.0,0.09914793819189072
2021-11-04,0.0,0.09181226789951324
2021-11-05,0.0,0.1069609746336937
2021-11-08,0.0,0.10655850917100906
2021-11-09,0.0,0.1127050518989563
2021-11-10,0.0,0.0984758585691452
2021-11-11,0.0,0.129856139421463
2021-11-12,0.0,0.13866032660007477
2021-11-15,0.0,0.1385211944580078
2021-11-16,0.0,0.11540189385414124
2021-11-17,0.0,0.10963820666074753
2021-11-18,0.0,0.09693671017885208
2021-11-19,0.0,0.1078549325466156
2021-11-22,0.0,0.10120818763971329
2021-11-23,0.0,0.10815238952636719
2021-11-24,1.0,0.14235836267471313
2021-11-26,0.0,0.14614447951316833
2021-11-29,0.0,0.11047933995723724
2021-11-30,0.0,0.1368023306131363
2021-12-01,0.0,0.1313978135585785
2021-12-02,0.0,0.12581472098827362
2021-12-03,0.0,0.13379012048244476
2021-12-06,0.0,0.12459004670381546
2021-12-07,0.0,0.111147940158844
2021-12-08,0.0,0.11584789305925369
2021-12-09,0.0,0.12804999947547913
2021-12-10,0.0,0.14645777642726898
2021-12-13,0.0,0.10220424830913544
2021-12-14,0.0,0.11889787018299103
2021-12-15,0.0,0.10133802145719528
2021-12-16,0.0,0.10378295183181763
2021-12-17,0.0,0.17865709960460663
2021-12-20,0.0,0.13535061478614807
2021-12-21,0.0,0.1382506787776947
2021-12-22,0.0,0.15396355092525482
2021-12-23,0.0,0.14994096755981445
2021-12-27,0.0,0.1576123833656311
2021-12-28,0.0,0.160367950797081
2021-12-29,0.0,0.16600282490253448
2021-12-30,0.0,0.16034458577632904
2021-12-31,0.0,0.15254071354866028
2022-01-03,0.0,0.11257389932870865
2022-01-04,0.0,0.09779425710439682
2022-01-05,0.0,0.10175096988677979
2022-01-06,0.0,0.13111640512943268
2022-01-07,0.0,0.1538039892911911
2022-01-10,0.0,0.136880561709404
2022-01-11,0.0,0.1470937430858612
2022-01-12,0.0,0.14905717968940735
2022-01-13,0.0,0.14240150153636932
2022-01-14,0.0,0.14962856471538544
2022-01-18,0.0,0.15734447538852692
2022-01-19,0.0,0.1490674912929535
2022-01-20,0.0,0.17129720747470856
2022-01-21,0.0,0.1953590214252472
2022-01-24,0.0,0.28581109642982483
2022-01-25,0.0,0.2098618894815445
2022-01-26,0.0,0.2391810119152069
2022-01-27,0.0,0.2590053677558899
2022-01-28,0.0,0.16331282258033752
2022-01-31,0.0,0.13970360159873962
2022-02-01,0.0,0.14090770483016968
2022-02-02,1.0,0.1460290104150772
2022-02-03,0.0,0.19481328129768372
2022-02-04,0.0,0.14022178947925568
2022-02-07,0.0,0.1467156559228897
2022-02-08,0.0,0.1320878118276596
2022-02-09,0.0,0.12042628973722458
2022-02-10,0.0,0.12693187594413757
2022-02-11,0.0,0.16419930756092072
2022-02-14,0.0,0.181858092546463
2022-02-15,0.0,0.14904943108558655
2022-02-16,1.0,0.15771710872650146
2022-02-17,0.0,0.20145750045776367
2022-02-18,0.0,0.2350064069032669
2022-02-22,0.0,0.21445144712924957
2022-02-23,0.0,0.23214510083198547
2022-02-24,0.0,0.3099113404750824
2022-02-25,0.0,0.17479099333286285
2022-02-28,0.0,0.19518527388572693
2022-03-01,0.0,0.2669459581375122
2022-03-02,0.0,0.18786406517028809
2022-03-03,0.0,0.19169838726520538
2022-03-04,1.0,0.20066165924072266
2022-03-07,0.0,0.30694591999053955
2022-03-08,0.0,0.31020408868789673
2022-03-09,0.0,0.24255961179733276
2022-03-10,0.0,0.2635471224784851
2022-03-11,0.0,0.27900221943855286
2022-03-14,0.0,0.26719579100608826
2022-03-15,0.0,0.20547473430633545
2022-03-16,0.0,0.22961725294589996
2022-03-17,0.0,0.20173469185829163
2022-03-18,0.0,0.15398012101650238
2022-03-21,0.0,0.17032384872436523
2022-03-22,0.0,0.14084415137767792
2022-03-23,0.0,0.21395805478096008
2022-03-24,0.0,0.17764867842197418
2022-03-25,0.0,0.16139081120491028
2022-03-28,0.0,0.14960862696170807
2022-03-29,0.0,0.1307644248008728
2022-03-30,0.0,0.1446669101715088
2022-03-31,0.0,0.18361930549144745
2022-04-01,0.0,0.15393789112567902
2022-04-04,0.0,0.12979409098625183
2022-04-05,0.0,0.17913557589054108
2022-04-06,0.0,0.23260852694511414
2022-04-07,0.0,0.1652199923992157
2022-04-08,0.0,0.18576478958129883
2022-04-11,0.0,0.22752493619918823
2022-04-12,0.0,0.22519220411777496
2022-04-13,0.0,0.19368356466293335
2022-04-14,0.0,0.22085824608802795
2022-04-18,0.0,0.21333980560302734
2022-04-19,0.0,0.1629578322172165
2022-04-20,0.0,0.17045636475086212
2022-04-21,1.0,0.25152868032455444
2022-04-22,0.0,0.3588424623012543
2022-04-25,1.0,0.34988701343536377
2022-04-26,0.0,0.33223089575767517
2022-04-27,0.0,0.3285333514213562
2022-04-28,1.0,0.2788516879081726
2022-04-29,0.0,0.3687750995159149
2022-05-02,0.0,0.3846675455570221
2022-05-03,0.0,0.3320894241333008
2022-05-04,1.0,0.29015636444091797
2022-05-05,0.0,0.47196969389915466
2022-05-06,1.0,0.4146171510219574
2022-05-09,0.0,0.4591052532196045
2022-05-10,0.0,0.3759377598762512
2022-05-11,0.0,0.41776376962661743
2022-05-12,0.0,0.40540680289268494
2022-05-13,0.0,0.3184094727039337
2022-05-16,0.0,0.34354445338249207
2022-05-17,1.0,0.31805476546287537
2022-05-18,0.0,0.45563557744026184
2022-05-19,0.0,0.4134701192378998
2022-05-20,0.0,0.43852198123931885
2022-05-23,0.0,0.3175046443939209
2022-05-24,0.0,0.416008859872818
2022-05-25,0.0,0.3138974606990814
2022-05-26,0.0,0.29370906949043274
2022-05-27,0.0,0.30794641375541687
2022-05-31,0.0,0.36581405997276306
2022-06-01,0.0,0.31206420063972473
2022-06-02,0.0,0.28997617959976196
2022-06-03,0.0,0.29741278290748596
2022-06-06,0.0,0.30159372091293335
2022-06-07,0.0,0.287570059299469
2022-06-08,1.0,0.2936386466026306
2022-06-09,1.0,0.36439862847328186
2022-06-10,1.0,0.5523849129676819
2022-06-13,0.0,0.5068676471710205
2022-06-14,0.0,0.4365338981151581
2022-06-15,1.0,0.4383849501609802
2022-06-16,0.0,0.4390121102333069
2022-06-17,0.0,0.5201596021652222
2022-06-21,0.0,0.4387657642364502
2022-06-22,0.0,0.4070186913013458
2022-06-23,0.0,0.41336730122566223
2022-06-24,0.0,0.46550092101097107
2022-06-27,1.0,0.3872620761394501
2022-06-28,0.0,0.4392130970954895
2022-06-29,0.0,0.41595420241355896
2022-06-30,0.0,0.40877681970596313
2022-07-01,0.0,0.4135734438896179
2022-07-05,0.0,0.44454771280288696
2022-07-06,0.0,0.34801167249679565
2022-07-07,0.0,0.33748531341552734
2022-07-08,0.0,0.3754432499408722
2022-07-11,0.0,0.3703747093677521
2022-07-12,0.0,0.3902112543582916
2022-07-13,0.0,0.4207642078399658
2022-07-14,0.0,0.39834141731262207
2022-07-15,0.0,0.3474467694759369
2022-07-18,0.0,0.3680022656917572
2022-07-19,0.0,0.3093903064727783
2022-07-20,0.0,0.3027646243572235
2022-07-21,0.0,0.2983953654766083
2022-07-22,0.0,0.3447745144367218
2022-07-25,0.0,0.370676189661026
2022-07-26,0.0,0.34871143102645874
2022-07-27,0.0,0.2984999418258667
2022-07-28,0.0,0.313190221786499
2022-07-29,0.0,0.31398987770080566
2022-08-01,0.0,0.323236882686615
2022-08-02,0.0,0.36326149106025696
2022-08-03,0.0,0.28443214297294617
2022-08-04,0.0,0.2945709824562073
2022-08-05,0.0,0.3362840712070465
2022-08-08,0.0,0.3058292865753174
2022-08-09,0.0,0.2927846908569336
2022-08-10,0.0,0.27496954798698425
2022-08-11,0.0,0.29241862893104553
2022-08-12,0.0,0.28796693682670593
2022-08-15,0.0,0.2744406759738922
2022-08-16,0.0,0.28994372487068176
2022-08-17,0.0,0.27010229229927063
2022-08-18,0.0,0.26915469765663147
2022-08-19,1.0,0.2835231423377991
2022-08-22,0.0,0.3500038981437683
2022-08-23,0.0,0.3171527087688446
2022-08-24,0.0,0.30516791343688965
2022-08-25,1.0,0.2941546142101288
2022-08-26,0.0,0.44754642248153687
2022-08-29,0.0,0.39012375473976135
2022-08-30,0.0,0.41361820697784424
2022-08-31,0.0,0.47337251901626587
2022-09-01,0.0,0.37461787462234497
2022-09-02,0.0,0.4012968838214874
2022-09-06,0.0,0.4159975051879883
2022-09-07,0.0,0.3522718846797943
2022-09-08,0.0,0.34347468614578247
2022-09-09,0.0,0.30447012186050415
2022-09-12,1.0,0.30776673555374146
2022-09-13,0.0,0.42638030648231506
2022-09-14,0.0,0.4303995668888092
2022-09-15,0.0,0.4393659234046936
2022-09-16,0.0,0.48407700657844543
2022-09-19,0.0,0.48094090819358826
2022-09-20,0.0,0.4808207154273987
2022-09-21,0.0,0.5556222200393677
2022-09-22,0.0,0.5479608774185181
2022-09-23,0.0,0.6413400769233704
2022-09-26,0.0,0.5766098499298096
2022-09-27,0.0,0.5680927634239197
2022-09-28,1.0,0.558764636516571
2022-09-29,0.0,0.6161260604858398
2022-09-30,0.0,0.6347455382347107
2022-10-03,0.0,0.5273639559745789
2022-10-04,0.0,0.4883679747581482
2022-10-05,0.0,0.5121229290962219
2022-10-06,1.0,0.4933812916278839
2022-10-07,0.0,0.6292101144790649
2022-10-10,0.0,0.6043717861175537
2022-10-11,0.0,0.6146034598350525
2022-10-12,0.0,0.6346426010131836
2022-10-13,1.0,0.5677014589309692
2022-10-14,0.0,0.7090637683868408
2022-10-17,0.0,0.5267053842544556
2022-10-18,0.0,0.5105454921722412
2022-10-19,0.0,0.5269860029220581
2022-10-20,0.0,0.5533130168914795
2022-10-21,0.0,0.5062869191169739
2022-10-24,0.0,0.4899875819683075
2022-10-25,0.0,0.47471219301223755
2022-10-26,0.0,0.514737606048584
2022-10-27,0.0,0.5159066319465637
2022-10-28,0.0,0.43944621086120605
2022-10-31,0.0,0.5128322839736938
2022-11-01,1.0,0.46827393770217896
2022-11-02,0.0,0.5316001176834106
2022-11-03,0.0,0.5766263604164124
2022-11-04,0.0,0.538170576095581
2022-11-07,0.0,0.48963117599487305
2022-11-08,1.0,0.4459874927997589
2022-11-09,0.0,0.504082202911377
2022-11-10,0.0,0.37709519267082214
2022-11-11,0.0,0.44665148854255676
2022-11-14,0.0,0.4025844931602478
2022-11-15,0.0,0.42077022790908813
2022-11-16,0.0,0.47493016719818115
2022-11-17,0.0,0.4378408193588257
2022-11-18,0.0,0.4621761441230774
2022-11-21,0.0,0.45069000124931335
2022-11-22,0.0,0.4016598165035248
2022-11-23,0.0,0.4505995512008667
2022-11-25,0.0,0.39413878321647644
2022-11-28,0.0,0.4613439738750458
2022-11-29,0.0,0.48606202006340027
2022-11-30,0.0,0.4395238161087036
2022-12-01,0.0,0.3293819725513458
2022-12-02,0.0,0.37026309967041016
2022-12-05,0.0,0.43428486585617065
2022-12-06,0.0,0.4725419878959656
2022-12-07,0.0,0.4794872999191284
2022-12-08,0.0,0.42668819427490234
2022-12-09,0.0,0.4910510778427124
2022-12-12,0.0,0.4343344569206238
2022-12-13,0.0,0.3773331642150879
2022-12-14,1.0,0.44918879866600037
2022-12-15,0.0,0.5775405764579773
2022-12-16,0.0,0.6316758990287781
2022-12-19,0.0,0.584540843963623
2022-12-20,0.0,0.5996761322021484
2022-12-21,0.0,0.6068251729011536
2022-12-22,0.0,0.6278933882713318
2022-12-23,0.0,0.6042578816413879
2022-12-27,0.0,0.6110251545906067
2022-12-28,0.0,0.5920314788818359
2022-12-29,0.0,0.5743135809898376
2022-12-30,0.0,0.6034924387931824
2023-01-03,0.0,0.5800257325172424
2023-01-04,0.0,0.5446687340736389
2023-01-05,0.0,0.5922266840934753
2023-01-06,0.0,0.5283878445625305
2023-01-09,0.0,0.478309690952301
2023-01-10,0.0,0.4847221374511719
2023-01-11,0.0,0.4387226700782776
2023-01-12,0.0,0.44136738777160645
2023-01-13,0.0,0.4784581661224365
2023-01-17,0.0,0.4168528616428375
2023-01-18,0.0,0.5076164603233337
2023-01-19,0.0,0.5811277627944946
2023-01-20,0.0,0.5158230662345886
2023-01-23,0.0,0.408146470785141
2023-01-24,0.0,0.45854651927948
2023-01-25,0.0,0.3922559320926666
2023-01-26,0.0,0.34466972947120667
2023-01-27,0.0,0.38831353187561035
2023-01-30,0.0,0.4035087525844574
2023-01-31,0.0,0.36991891264915466
2023-02-01,0.0,0.31435948610305786
2023-02-02,0.0,0.286344438791275
2023-02-03,0.0,0.33145737648010254
2023-02-06,0.0,0.36812201142311096
2023-02-07,0.0,0.29262489080429077
2023-02-08,0.0,0.29996350407600403
2023-02-09,0.0,0.33269962668418884
2023-02-10,0.0,0.40274491906166077
2023-02-13,0.0,0.317247599363327
2023-02-14,0.0,0.3078163266181946
2023-02-15,0.0,0.2971128523349762
2023-02-16,0.0,0.37085285782814026
2023-02-17,1.0,0.4141211211681366
2023-02-21,0.0,0.5135661363601685
2023-02-22,0.0,0.4799366891384125
2023-02-23,0.0,0.5109193325042725
2023-02-24,0.0,0.5815495252609253
2023-02-27,0.0,0.4501960873603821
2023-02-28,0.0,0.5016072988510132
2023-03-01,0.0,0.4744749069213867
2023-03-02,0.0,0.45279985666275024
2023-03-03,0.0,0.4234549105167389
2023-03-06,0.0,0.37935328483581543
2023-03-07,0.0,0.46240559220314026
2023-03-08,0.0,0.4855756163597107
2023-03-09,0.0,0.6003624200820923
2023-03-10,0.0,0.7101536989212036
2023-03-13,0.0,0.705228328704834
2023-03-14,0.0,0.537207305431366
2023-03-15,0.0,0.725379467010498
2023-03-16,0.0,0.526524007320404
2023-03-17,0.0,0.6157293319702148
2023-03-20,0.0,0.5315844416618347
2023-03-21,0.0,0.42750024795532227
2023-03-22,0.0,0.45957109332084656
2023-03-23,0.0,0.48090457916259766
2023-03-24,0.0,0.47741344571113586
2023-03-27,0.0,0.42114192247390747
2023-03-28,0.0,0.44014331698417664
2023-03-29,0.0,0.3650081157684326
2023-03-30,0.0,0.3517542779445648
2023-03-31,0.0,0.37437811493873596
2023-04-03,0.0,0.3276877999305725
2023-04-04,0.0,0.33866819739341736
2023-04-05,0.0,0.3505159020423889
2023-04-06,0.0,0.35244256258010864
2023-04-10,0.0,0.3338688313961029
2023-04-11,0.0,0.3103208541870117
2023-04-12,0.0,0.32557693123817444
2023-04-13,0.0,0.29913249611854553
2023-04-14,0.0,0.3310050368309021
2023-04-17,0.0,0.3104274570941925
2023-04-18,0.0,0.2952892482280731
2023-04-19,0.0,0.3086954653263092
2023-04-20,0.0,0.3311714828014374
2023-04-21,0.0,0.3373134732246399
2023-04-24,0.0,0.3676450848579407
2023-04-25,0.0,0.3858707845211029
2023-04-26,0.0,0.4344748854637146
2023-04-27,0.0,0.355244517326355
2023-04-28,0.0,0.3364633321762085
2023-05-01,0.0,0.3780263066291809
2023-05-02,0.0,0.43729594349861145
2023-05-03,0.0,0.4287733733654022
2023-05-04,0.0,0.48065271973609924
2023-05-05,0.0,0.3251679539680481
2023-05-08,0.0,0.3826585114002228
2023-05-09,0.0,0.3526633381843567
2023-05-10,0.0,0.3596305251121521
2023-05-11,0.0,0.3873728811740875
2023-05-12,0.0,0.3612670302391052
2023-05-15,0.0,0.3572075068950653
2023-05-16,0.0,0.3695205748081207
2023-05-17,0.0,0.33205729722976685
2023-05-18,0.0,0.33247634768486023
2023-05-19,0.0,0.31999671459198
2023-05-22,0.0,0.3235199451446533
2023-05-23,0.0,0.405192494392395
2023-05-24,0.0,0.39469367265701294
2023-05-25,0.0,0.4166450500488281
2023-05-26,0.0,0.3197813928127289
2023-05-30,0.0,0.3534780442714691
2023-05-31,0.0,0.4536605477333069
2023-06-01,0.0,0.3056158125400543
2023-06-02,0.0,0.29452425241470337
2023-06-05,0.0,0.30224716663360596
2023-06-06,0.0,0.2818038761615753
2023-06-07,0.0,0.3270183801651001
2023-06-08,0.0,0.27920812368392944
2023-06-09,0.0,0.2834530174732208
2023-06-12,0.0,0.3061886131763458
2023-06-13,0.0,0.26970043778419495
2023-06-14,0.0,0.3248181641101837
2023-06-15,0.0,0.30759531259536743
2023-06-16,0.0,0.3641693592071533
2023-06-20,0.0,0.4124431908130646
2023-06-21,0.0,0.3977043032646179
2023-06-22,0.0,0.38116204738616943
2023-06-23,0.0,0.4607985019683838
2023-06-26,0.0,0.3728410005569458
2023-06-27,0.0,0.3705905079841614
2023-06-28,0.0,0.3681512176990509
2023-06-29,0.0,0.3742833137512207
2023-06-30,0.0,0.31548094749450684
2023-07-03,0.0,0.37142476439476013
2023-07-05,0.0,0.35808053612709045
2023-07-06,0.0,0.35197311639785767
2023-07-07,0.0,0.3529225289821625
2023-07-10,0.0,0.33578112721443176
2023-07-11,0.0,0.3199295401573181
2023-07-12,0.0,0.30908235907554626
2023-07-13,0.0,0.3033744692802429
2023-07-14,0.0,0.32654500007629395
2023-07-17,0.0,0.3300589621067047
2023-07-18,0.0,0.2654305696487427
2023-07-19,0.0,0.2586452066898346
2023-07-20,0.0,0.290962815284729
2023-07-21,0.0,0.3450888693332672
2023-07-24,0.0,0.33778926730155945
2023-07-25,0.0,0.3292844593524933
2023-07-26,0.0,0.32355087995529175
2023-07-27,0.0,0.3625752031803131
2023-07-28,0.0,0.3003294765949249
2023-07-31,0.0,0.31369465589523315
2023-08-01,0.0,0.29403606057167053
2023-08-02,0.0,0.36177363991737366
2023-08-03,0.0,0.38111644983291626
2023-08-04,0.0,0.3471376597881317
2023-08-07,0.0,0.3532533049583435
2023-08-08,0.0,0.3556671142578125
2023-08-09,0.0,0.36631783843040466
2023-08-10,0.0,0.34261512756347656
2023-08-11,0.0,0.3498196303844452
2023-08-14,0.0,0.37403351068496704
2023-08-15,0.0,0.3555930554866791
2023-08-16,0.0,0.3759435713291168
2023-08-17,0.0,0.36932575702667236
2023-08-18,0.0,0.37448325753211975
2023-08-21,0.0,0.3468737006187439
2023-08-22,0.0,0.2816842198371887
2023-08-23,0.0,0.3478480875492096
2023-08-24,0.0,0.39991629123687744
2023-08-25,0.0,0.3479965925216675
2023-08-28,0.0,0.37544915080070496
2023-08-29,0.0,0.34823885560035706
2023-08-30,0.0,0.3364419937133789
2023-08-31,0.0,0.30825603008270264
2023-09-01,0.0,0.3354818522930145
2023-09-05,0.0,0.36574608087539673
2023-09-06,0.0,0.34309282898902893
2023-09-07,0.0,0.3605528473854065
2023-09-08,0.0,0.3385772109031677
2023-09-11,0.0,0.3598325550556183
2023-09-12,0.0,0.334665983915329
2023-09-13,0.0,0.35756900906562805
2023-09-14,0.0,0.29172077775001526
2023-09-15,0.0,0.41241440176963806
2023-09-18,0.0,0.3615056276321411
2023-09-19,0.0,0.3151986598968506
2023-09-20,0.0,0.33377695083618164
2023-09-21,0.0,0.4010414481163025
2023-09-22,0.0,0.3716217875480652
2023-09-25,0.0,0.349618136882782
2023-09-26,0.0,0.3824118673801422
2023-09-27,0.0,0.3852652311325073
2023-09-28,0.0,0.35229307413101196
2023-09-29,0.0,0.34536632895469666
2023-10-02,0.0,0.366822749376297
2023-10-03,0.0,0.38986456394195557
2023-10-04,0.0,0.34998083114624023
2023-10-05,0.0,0.36376953125
2023-10-06,0.0,0.34070464968681335
2023-10-09,0.0,0.3528718650341034
2023-10-10,0.0,0.31742310523986816
2023-10-11,0.0,0.32053929567337036
2023-10-12,0.0,0.32923996448516846
2023-10-13,0.0,0.3151130974292755
2023-10-16,0.0,0.30980315804481506
2023-10-17,0.0,0.3156379163265228
2023-10-18,0.0,0.35746538639068604
2023-10-19,0.0,0.37395086884498596
2023-10-20,0.0,0.42106327414512634
2023-10-23,0.0,0.36159539222717285
2023-10-24,0.0,0.3301251530647278
2023-10-25,0.0,0.4057562053203583
2023-10-26,0.0,0.4829343259334564
2023-10-27,0.0,0.47625863552093506
2023-10-30,0.0,0.3663574457168579
2023-10-31,0.0,0.371022492647171
2023-11-01,0.0,0.31605127453804016
2023-11-02,0.0,0.2854224741458893
2023-11-03,0.0,0.2693254053592682
2023-11-06,0.0,0.2743772864341736
2023-11-07,0.0,0.2774006724357605
2023-11-08,0.0,0.28494444489479065
2023-11-09,0.0,0.3016819655895233
2023-11-10,0.0,0.28768736124038696
2023-11-13,0.0,0.2939983010292053
2023-11-14,0.0,0.2103358656167984
2023-11-15,0.0,0.2073821872472763
2023-11-16,0.0,0.22315967082977295
2023-11-17,0.0,0.20905223488807678
2023-11-20,0.0,0.22208358347415924
2023-11-21,0.0,0.23711390793323517
2023-11-22,0.0,0.23513709008693695
2023-11-24,0.0,0.27120304107666016
2023-11-27,0.0,0.220490500330925
2023-11-28,0.0,0.21971821784973145
2023-11-29,0.0,0.1969727873802185
2023-11-30,0.0,0.20386502146720886
2023-12-01,0.0,0.16093672811985016
2023-12-04,0.0,0.16406267881393433
2023-12-05,0.0,0.18022088706493378
2023-12-06,0.0,0.16073592007160187
2023-12-07,0.0,0.16755740344524384
2023-12-08,0.0,0.17705820500850677
2023-12-11,0.0,0.17793823778629303
2023-12-12,0.0,0.17635342478752136
2023-12-13,0.0,0.13270096480846405
2023-12-14,0.0,0.13889892399311066
2023-12-15,0.0,0.1570945680141449
2023-12-18,0.0,0.1367165893316269
2023-12-19,0.0,0.13750597834587097
2023-12-20,0.0,0.14355719089508057
2023-12-21,0.0,0.16140948235988617
2023-12-22,0.0,0.18993814289569855
2023-12-26,0.0,0.206404447555542
2023-12-27,0.0,0.1869143545627594
2023-12-28,0.0,0.1982712745666504
2023-12-29,0.0,0.19648872315883636
2024-01-02,0.0,0.13478894531726837
2024-01-03,0.0,0.14157485961914062
2024-01-04,0.0,0.15725834667682648
2024-01-05,0.0,0.14275847375392914
2024-01-08,0.0,0.1384476125240326
2024-01-09,0.0,0.16625197231769562
2024-01-10,0.0,0.16699416935443878
2024-01-11,0.0,0.14690430462360382
2024-01-12,0.0,0.16836343705654144
2024-01-16,0.0,0.12571574747562408
2024-01-17,0.0,0.1432637870311737
2024-01-18,0.0,0.14424221217632294
2024-01-19,0.0,0.1576414257287979
2024-01-22,0.0,0.13871856033802032
2024-01-23,0.0,0.1295023411512375
2024-01-24,0.0,0.11862747371196747
2024-01-25,0.0,0.13514213263988495
2024-01-26,0.0,0.16349612176418304
2024-01-29,0.0,0.15895700454711914
2024-01-30,0.0,0.14277823269367218
2024-01-31,0.0,0.11406851559877396
2024-02-01,0.0,0.11625021696090698
2024-02-02,0.0,0.14433977007865906
2024-02-05,0.0,0.13318538665771484
2024-02-06,0.0,0.11801239103078842
2024-02-07,0.0,0.12580904364585876
2024-02-08,0.0,0.1290886253118515
2024-02-09,0.0,0.14749999344348907
2024-02-12,0.0,0.1434541493654251
2024-02-13,0.0,0.11106938868761063
2024-02-14,0.0,0.12326321005821228
2024-02-15,0.0,0.13200657069683075
2024-02-16,0.0,0.12437818199396133
2024-02-20,0.0,0.12698042392730713
2024-02-21,0.0,0.1331445723772049
2024-02-22,0.0,0.1544732004404068
2024-02-23,0.0,0.15528033673763275
2024-02-26,0.0,0.1488291323184967
2024-02-27,0.0,0.13182714581489563
2024-02-28,0.0,0.13203613460063934
2024-02-29,0.0,0.12984682619571686
2024-03-01,0.0,0.11403733491897583
2024-03-04,0.0,0.10464394092559814
2024-03-05,0.0,0.10653182119131088
2024-03-06,0.0,0.10387192666530609
2024-03-07,0.0,0.12055955082178116
2024-03-08,0.0,0.12523239850997925
2024-03-11,0.0,0.11162903159856796
2024-03-12,0.0,0.1401054710149765
2024-03-13,0.0,0.11873400956392288
2024-03-14,0.0,0.10314244776964188
2024-03-15,0.0,0.14464744925498962
2024-03-18,0.0,0.12498639523983002
2024-03-19,0.0,0.1221972405910492
2024-03-20,0.0,0.1511753648519516
2024-03-21,0.0,0.1287045031785965
2024-03-22,0.0,0.15108761191368103
2024-03-25,0.0,0.15562132000923157
2024-03-26,0.0,0.11705872416496277
2024-03-27,0.0,0.11561298370361328
2024-03-28,0.0,0.11390077322721481
2024-04-01,0.0,0.14041760563850403
2024-04-02,0.0,0.12728942930698395
2024-04-03,0.0,0.12189776450395584
2024-04-04,0.0,0.12542173266410828
2024-04-05,0.0,0.13787426054477692
2024-04-08,0.0,0.1551699936389923
2024-04-09,0.0,0.1402556449174881
2024-04-10,0.0,0.12366747111082077
2024-04-11,0.0,0.14415748417377472
2024-04-12,0.0,0.12152232229709625
2024-04-15,0.0,0.1202850192785263
2024-04-16,0.0,0.11470510065555573
2024-04-17,0.0,0.14044183492660522
2024-04-18,0.0,0.14505837857723236
2024-04-19,0.0,0.14155948162078857
2024-04-22,0.0,0.12617623805999756
2024-04-23,0.0,0.13193030655384064
2024-04-24,0.0,0.13570554554462433
2024-04-25,0.0,0.11502226442098618
2024-04-26,0.0,0.11845846474170685
2024-04-29,0.0,0.16740651428699493
2024-04-30,0.0,0.11811894178390503
2024-05-01,0.0,0.1249006912112236
2024-05-02,0.0,0.1232810690999031
2024-05-03,0.0,0.1207389086484909
2024-05-06,0.0,0.11048867553472519
2024-05-07,0.0,0.1229904517531395
2024-05-08,0.0,0.12319386005401611
2024-05-09,0.0,0.12174024432897568
2024-05-10,0.0,0.13697372376918793
2024-05-13,0.0,0.11376146227121353
2024-05-14,0.0,0.11418098211288452
2024-05-15,0.0,0.09674757719039917
2024-05-16,0.0,0.0950971320271492
2024-05-17,0.0,0.12050514668226242
2024-05-20,0.0,0.13244470953941345
2024-05-21,0.0,0.1089240312576294
2024-05-22,0.0,0.11819055676460266
2024-05-23,0.0,0.12023045867681503
2024-05-24,0.0,0.16159865260124207
2024-05-28,0.0,0.11634239554405212
2024-05-29,0.0,0.11875322461128235
2024-05-30,0.0,0.12466766685247421
2024-05-31,0.0,0.14553532004356384
2024-06-03,0.0,0.11357661336660385
2024-06-04,0.0,0.11429165303707123
2024-06-05,0.0,0.1093987226486206
2024-06-06,0.0,0.1204974576830864
2024-06-07,0.0,0.13679778575897217
2024-06-10,0.0,0.10838247090578079
2024-06-11,0.0,0.11794774979352951
2024-06-12,0.0,0.11483607441186905
2024-06-13,0.0,0.09615063667297363
2024-06-14,0.0,0.12101880460977554
2024-06-17,0.0,0.10979871451854706
2024-06-18,0.0,0.1120196208357811
2024-06-20,0.0,0.11204645782709122
2024-06-21,0.0,0.15773412585258484
2024-06-24,0.0,0.13562272489070892
2024-06-25,0.0,0.11098489910364151
2024-06-26,0.0,0.12210466712713242
2024-06-27,0.0,0.12023282796144485
2024-06-28,0.0,0.13798066973686218
2024-07-01,0.0,0.15263040363788605
2024-07-02,0.0,0.14812009036540985
2024-07-03,0.0,0.2115815430879593
2024-07-05,0.0,0.1539379209280014
2024-07-08,0.0,0.13699470460414886
2024-07-09,0.0,0.12412979453802109
2024-07-10,0.0,0.11707955598831177
2024-07-11,0.0,0.09375134855508804
2024-07-12,0.0,0.12108241021633148
2024-07-15,0.0,0.10445555299520493
2024-07-16,0.0,0.10142236202955246
2024-07-17,0.0,0.1112532988190651
2024-07-18,0.0,0.10466902703046799
2024-07-19,0.0,0.11692137271165848
2024-07-22,0.0,0.13950975239276886
2024-07-23,1.0,0.11455219984054565
2024-07-24,0.0,0.11681684106588364
2024-07-25,0.0,0.1373254507780075
2024-07-26,0.0,0.13742828369140625
2024-07-29,0.0,0.15854275226593018
2024-07-30,0.0,0.12989722192287445
2024-07-31,0.0,0.10411076247692108
2024-08-01,0.0,0.13231390714645386
2024-08-02,1.0,0.16094368696212769
2024-08-05,0.0,0.33934250473976135
2024-08-06,0.0,0.24372126162052155
2024-08-07,0.0,0.24110183119773865
2024-08-08,0.0,0.1883697211742401
2024-08-09,0.0,0.19836856424808502
2024-08-12,0.0,0.21678221225738525
2024-08-13,0.0,0.14089959859848022
2024-08-14,0.0,0.16447067260742188
2024-08-15,0.0,0.14682887494564056
2024-08-16,0.0,0.1599874049425125
2024-08-19,0.0,0.16722436249256134
2024-08-20,0.0,0.18807639181613922
2024-08-21,0.0,0.17754271626472473
2024-08-22,0.0,0.17750957608222961
2024-08-23,0.0,0.14140447974205017
2024-08-26,0.0,0.1810149848461151
2024-08-27,0.0,0.19081495702266693
2024-08-28,0.0,0.16372175514698029
2024-08-29,0.0,0.16368713974952698
2024-08-30,1.0,0.12996125221252441
2024-09-03,0.0,0.13627207279205322
2024-09-04,0.0,0.16201896965503693
2024-09-05,0.0,0.16260407865047455
2024-09-06,0.0,0.17297784984111786
2024-09-09,0.0,0.15697622299194336
2024-09-10,0.0,0.13066887855529785
2024-09-11,0.0,0.13068132102489471
2024-09-12,0.0,0.12749485671520233
2024-09-13,0.0,0.1337842494249344
2024-09-16,0.0,0.12418650835752487
2024-09-17,0.0,0.12219487875699997
2024-09-18,0.0,0.11229149997234344
2024-09-19,0.0,0.10077694058418274
2024-09-20,0.0,0.14322610199451447
2024-09-23,0.0,0.15386347472667694
2024-09-24,0.0,0.10620778053998947
2024-09-25,0.0,0.12611538171768188
2024-09-26,0.0,0.10229437053203583
2024-09-27,0.0,0.11976167559623718
2024-09-30,0.0,0.10109078884124756
2024-10-01,0.0,0.10531274974346161
2024-10-02,0.0,0.11584796756505966
2024-10-03,0.0,0.12853537499904633
2024-10-04,0.0,0.12203536927700043
2024-10-07,0.0,0.12004036456346512
2024-10-08,0.0,0.13619279861450195
2024-10-09,0.0,0.1136525347828865
2024-10-10,0.0,0.13662318885326385
2024-10-11,0.0,0.15549235045909882
2024-10-14,0.0,0.15234161913394928
2024-10-15,0.0,0.09424050897359848
2024-10-16,0.0,0.11754614114761353
2024-10-17,0.0,0.1068127453327179
2024-10-18,0.0,0.13160456717014313
2024-10-21,0.0,0.11197519302368164
2024-10-22,0.0,0.1112600564956665
2024-10-23,0.0,0.10716477036476135
2024-10-24,0.0,0.10190728306770325
2024-10-25,0.0,0.11451999843120575
2024-10-28,0.0,0.10548089444637299
2024-10-29,0.0,0.09470716863870621
2024-10-30,0.0,0.09235377609729767
2024-10-31,0.0,0.10443656146526337
2024-11-01,0.0,0.12600035965442657
2024-11-04,0.0,0.1296507716178894
2024-11-05,0.0,0.11596810072660446
2024-11-06,0.0,0.08988133072853088
2024-11-07,0.0,0.09563733637332916
2024-11-08,0.0,0.0942825898528099
2024-11-11,0.0,0.08785826712846756
2024-11-12,0.0,0.08291659504175186
2024-11-13,0.0,0.08247765898704529
2024-11-14,0.0,0.09592770040035248
2024-11-15,0.0,0.10083810240030289
2024-11-18,0.0,0.09818209707736969
2024-11-19,0.0,0.09313610196113586
2024-11-20,0.0,0.10374531894922256
2024-11-21,0.0,0.0827966183423996
2024-11-22,0.0,0.08522617071866989
2024-11-25,0.0,0.1059948280453682
2024-11-26,0.0,0.10703091323375702
2024-11-27,0.0,0.12186741828918457
2024-11-29,0.0,0.18549183011054993
2024-12-02,0.0,0.08161891251802444
2024-12-03,0.0,0.07572143524885178
2024-12-04,0.0,0.07621116191148758
2024-12-05,0.0,0.07606562227010727
2024-12-06,0.0,0.0860387459397316
2024-12-09,0.0,0.07847070693969727
2024-12-10,0.0,0.08935610949993134
2024-12-11,0.0,0.07925157994031906
2024-12-12,0.0,0.09250690042972565
2024-12-13,0.0,0.10607825219631195
2024-12-16,0.0,0.08294393122196198
2024-12-17,1.0,0.08170905709266663
2024-12-18,0.0,0.13600589334964752
2024-12-19,0.0,0.12489884346723557
2024-12-20,0.0,0.16084174811840057
2024-12-23,0.0,0.12562036514282227
2024-12-24,0.0,0.16900837421417236
2024-12-26,0.0,0.1644589751958847
2024-12-27,0.0,0.13313394784927368
2024-12-30,0.0,0.12051235884428024
2024-12-31,0.0,0.138404980301857
2025-01-02,0.0,0.12663838267326355
2025-01-03,0.0,0.1198725774884224
2025-01-06,0.0,0.10500548034906387
2025-01-07,0.0,0.09765363484621048
2025-01-08,0.0,0.11659589409828186
2025-01-10,0.0,0.16102416813373566
2025-01-13,0.0,0.14393416047096252
2025-01-14,0.0,0.11971491575241089
2025-01-15,0.0,0.10341708362102509
2025-01-16,0.0,0.10791335999965668
2025-01-17,0.0,0.11745521426200867
2025-01-21,0.0,0.09047538787126541
2025-01-22,0.0,0.08358018100261688
2025-01-23,0.0,0.09655819088220596
2025-01-24,0.0,0.10766921937465668
2025-01-27,0.0,0.1342228353023529
2025-01-28,0.0,0.10392407327890396
2025-01-29,0.0,0.12015540152788162
2025-01-30,0.0,0.10723558068275452
2025-01-31,0.0,0.11443748325109482
2025-02-03,0.0,0.15592780709266663
2025-02-04,0.0,0.11358563601970673
2025-02-05,0.0,0.1230803057551384
2025-02-06,0.0,0.12032458186149597
2025-02-07,0.0,0.10126252472400665
2025-02-10,0.0,0.10369860380887985
2025-02-11,0.0,0.10430271923542023
2025-02-12,0.0,0.11785812675952911
2025-02-13,0.0,0.10343924164772034
2025-02-14,0.0,0.1119598001241684
2025-02-18,0.0,0.1033271923661232
2025-02-19,0.0,0.11369482427835464
2025-02-20,0.0,0.12276782840490341
2025-02-21,0.0,0.14551390707492828
2025-02-24,0.0,0.17692947387695312
2025-02-25,0.0,0.21429605782032013
2025-02-26,0.0,0.1707429438829422
2025-02-27,0.0,0.2757346034049988
2025-02-28,0.0,0.1859690248966217
2025-03-03,0.0,0.20774105191230774
2025-03-04,0.0,0.2334633469581604
2025-03-05,0.0,0.18712273240089417
2025-03-06,0.0,0.23837965726852417
2025-03-07,1.0,0.21839217841625214
2025-03-10,0.0,0.284060537815094
2025-03-11,0.0,0.26580020785331726
2025-03-12,0.0,0.22023624181747437
2025-03-13,0.0,0.27398109436035156
2025-03-14,0.0,0.22179044783115387
2025-03-17,0.0,0.17978782951831818
2025-03-18,0.0,0.24605558812618256
2025-03-19,0.0,0.20282866060733795
2025-03-20,0.0,0.20810790359973907
2025-03-21,0.0,0.22769677639007568
2025-03-24,0.0,0.1471102088689804
2025-03-25,0.0,0.14235469698905945
2025-03-26,0.0,0.22739055752754211
2025-03-27,0.0,0.2246261090040207
2025-03-28,0.0,0.2894154489040375
2025-03-31,0.0,0.24226181209087372
2025-04-01,0.0,0.2288898229598999
2025-04-02,1.0,0.21795505285263062
2025-04-03,1.0,0.41629287600517273
2025-04-04,0.0,0.4809055030345917
2025-04-07,0.0,0.46959829330444336
2025-04-08,0.0,0.4404047131538391
2025-04-09,1.0,0.345517098903656
2025-04-10,0.0,0.37856805324554443
2025-04-11,0.0,0.32789668440818787
2025-04-14,0.0,0.2881794273853302
2025-04-15,1.0,0.28588828444480896
2025-04-16,0.0,0.36203140020370483
2025-04-17,1.0,0.3615815043449402
2025-04-21,0.0,0.34315046668052673
2025-04-22,0.0,0.30241501331329346
2025-04-23,0.0,0.2910149097442627
2025-04-24,0.0,0.2952336072921753
2025-04-25,0.0,0.264107882976532
2025-04-28,0.0,0.27047938108444214
2025-04-29,0.0,0.25399816036224365
2025-04-30,0.0,0.2967514395713806
2025-05-01,0.0,0.2660072445869446
2025-05-02,0.0,0.1918780505657196
2025-05-05,0.0,0.2509966194629669
2025-05-06,0.0,0.28384527564048767
2025-05-07,0.0,0.27075111865997314
2025-05-08,0.0,0.25284627079963684
2025-05-09,0.0,0.2342606633901596
2025-05-12,0.0,0.23844479024410248
2025-05-13,0.0,0.17255143821239471
2025-05-14,0.0,0.169880211353302
2025-05-15,0.0,0.15947215259075165
2025-05-16,0.0,0.16334113478660583
2025-05-19,0.0,0.16631069779396057
2025-05-20,0.0,0.1604779064655304
2025-05-21,0.0,0.28108668327331543
2025-05-22,0.0,0.20965151488780975
2025-05-23,0.0,0.23233191668987274
2025-05-27,0.0,0.20889803767204285
2025-05-28,0.0,0.17569652199745178
2025-05-29,0.0,0.1618204116821289
2025-05-30,0.0,0.19201043248176575
2025-06-02,0.0,0.15542525053024292
2025-06-03,0.0,0.15305732190608978
2025-06-04,0.0,0.13651639223098755
2025-06-05,0.0,0.18152189254760742
2025-06-06,0.0,0.17531350255012512
2025-06-09,0.0,0.14143280684947968
2025-06-10,0.0,0.1389930546283722
2025-06-11,0.0,0.1705349236726761
2025-06-12,0.0,0.1434020698070526
2025-06-13,0.0,0.17937935888767242
2025-06-16,0.0,0.1599409580230713
2025-06-17,0.0,0.16442255675792694
2025-06-18,0.0,0.17368432879447937
2025-06-20,0.0,0.2345527857542038
2025-06-23,0.0,0.1668855994939804
2025-06-24,0.0,0.1300426423549652
2025-06-25,0.0,0.15767773985862732
2025-06-26,0.0,0.1316097527742386
2025-06-27,0.0,0.1260332465171814
2025-06-30,0.0,0.11049291491508484
2025-07-01,0.0,0.12203463166952133
2025-07-02,0.0,0.1274566650390625
2025-07-03,0.0,0.16533738374710083
2025-07-07,0.0,0.1417131870985031
2025-07-08,0.0,0.12321610748767853
2025-07-09,0.0,0.11244096606969833
2025-07-10,0.0,0.12381051480770111
2025-07-11,0.0,0.1296783685684204
2025-07-14,0.0,0.1301446408033371
2025-07-15,0.0,0.11679568141698837
2025-07-16,0.0,0.1159830316901207
2025-07-17,0.0,0.10848093777894974
2025-07-18,0.0,0.11679115891456604
2025-07-21,0.0,0.10519500076770782
2025-07-22,0.0,0.11964151263237
2025-07-23,0.0,0.13967552781105042
2025-07-24,0.0,0.09870157390832901
2025-07-25,0.0,0.11184950172901154
2025-07-28,0.0,0.11369079351425171
2025-07-29,0.0,0.11330673843622208
2025-07-30,0.0,0.1191459372639656
2025-07-31,0.0,0.1271476298570633
2025-08-01,0.0,0.1949813812971115
2025-08-04,0.0,0.12448988109827042
2025-08-05,0.0,0.17997273802757263
2025-08-06,0.0,0.1314358413219452
2025-08-07,0.0,0.12201665341854095
2025-08-08,0.0,0.10990269482135773
2025-08-11,0.0,0.11372870951890945
2025-08-12,0.0,0.1036243587732315
2025-08-13,0.0,0.10607189685106277
2025-08-14,0.0,0.10695460438728333
2025-08-15,0.0,0.10693211853504181
2025-08-18,0.0,0.140986368060112
2025-08-19,0.0,0.13643045723438263
2025-08-20,0.0,0.14748550951480865
2025-08-21,0.0,0.15406915545463562
2025-08-22,0.0,0.1099291518330574
2025-08-25,0.0,0.15386413037776947
2025-08-26,0.0,0.11415071040391922
2025-08-27,0.0,0.14854489266872406
2025-08-28,0.0,0.127650186419487
2025-08-29,0.0,0.1438460797071457
2025-09-02,0.0,0.14586438238620758
2025-09-03,0.0,0.10875609517097473
2025-09-04,0.0,0.10628312081098557
2025-09-05,0.0,0.11025609076023102
2025-09-08,0.0,0.09276098012924194
2025-09-09,0.0,0.09931710362434387
2025-09-10,0.0,0.09620664268732071
2025-09-11,0.0,0.08631127327680588
2025-09-12,0.0,0.09744120389223099
2025-09-15,0.0,0.10421910881996155
2025-09-16,0.0,0.08844460546970367
2025-09-17,0.0,0.10660999268293381
2025-09-18,0.0,0.10792024433612823
2025-09-19,0.0,0.12377108633518219
2025-09-22,0.0,0.09806308150291443
2025-09-23,0.0,0.09502653777599335
2025-09-24,0.0,0.10855938494205475
2025-09-25,0.0,0.13043758273124695
2025-09-26,0.0,0.11100836098194122
2025-09-29,0.0,0.10616577416658401
2025-09-30,0.0,0.10950227081775665
2025-10-01,0.0,0.10682331770658493
2025-10-02,0.0,0.09709732979536057
2025-10-03,0.0,0.08944182097911835
2025-10-06,0.0,0.0915459394454956
2025-10-07,0.0,0.09286420792341232
2025-10-08,0.0,0.09307005256414413
2025-10-09,1.0,0.09386304020881653
2025-10-10,0.0,0.1648007035255432
2025-10-13,0.0,0.11356374621391296
2025-10-14,0.0,0.11866452544927597
2025-10-15,0.0,0.1046505942940712
2025-10-16,0.0,0.1409047245979309
2025-10-17,0.0,0.10959327965974808
2025-10-20,0.0,0.10846935957670212
2025-10-21,0.0,0.10044711828231812
2025-10-22,0.0,0.11289755254983902
2025-10-23,0.0,0.09717854112386703
2025-10-24,0.0,0.08351165056228638
2025-10-27,0.0,0.08991162478923798
2025-10-28,0.0,0.08994042128324509
2025-10-29,0.0,0.10784231871366501
2025-10-30,0.0,0.12076958268880844
2025-10-31,0.0,0.10661430656909943
2025-11-03,0.0,0.10407096147537231
2025-11-04,0.0,0.11049050837755203
2025-11-05,0.0,0.11741957068443298
2025-11-06,0.0,0.11336778104305267
2025-11-07,0.0,0.1045169085264206
2025-11-10,0.0,0.09195076674222946
2025-11-11,0.0,0.1085132285952568
2025-11-12,0.0,0.0957086831331253
2025-11-13,0.0,0.12582498788833618
2025-11-14,0.0,0.12932276725769043
2025-11-17,0.0,0.14451158046722412
2025-11-18,0.0,0.1722635179758072
2025-11-19,0.0,0.13471800088882446
2025-11-20,0.0,0.1624714434146881
2025-11-21,0.0,0.1818123161792755
2025-11-24,0.0,0.10962852090597153
2025-11-25,0.0,0.11716574430465698
2025-11-26,0.0,0.10178026556968689
2025-11-28,0.0,0.1902180165052414
2025-12-01,0.0,0.11421722173690796
2025-12-02,0.0,0.09993086010217667
2025-12-03,0.0,0.09869153797626495
2025-12-04,0.0,0.09569820016622543
2025-12-05,0.0,0.08214418590068817
2025-12-08,0.0,0.09552676230669022
2025-12-09,0.0,0.09698411822319031
2025-12-10,0.0,0.0874890610575676
2025-12-11,0.0,0.09557460993528366
2025-12-12,0.0,0.09510453790426254
2025-12-15,0.0,0.10358291864395142
2025-12-16,0.0,0.13248968124389648
2025-12-17,0.0,0.1277492195367813
2025-12-18,0.0,0.10006161034107208
2025-12-19,0.0,0.14430154860019684
2025-12-22,0.0,0.16581492125988007
2025-12-23,0.0,0.12449853867292404
2025-12-24,0.0,0.20000185072422028
2025-12-26,0.0,0.16302798688411713
2025-12-29,0.0,0.1483042985200882
2025-12-30,0.0,0.140234112739563
2025-12-31,0.0,0.16097727417945862
2026-01-02,0.0,0.13692358136177063
2026-01-05,0.0,0.1330311894416809
2026-01-06,0.0,0.09379801154136658
2026-01-07,0.0,0.11362088471651077
2026-01-08,0.0,0.1084088608622551
2026-01-09,0.0,0.0884273573756218
2026-01-12,0.0,0.09879981726408005
2026-01-13,0.0,0.11223183572292328
2026-01-14,0.0,0.12373457103967667
2026-01-15,0.0,0.11234045028686523
2026-01-16,1.0,0.11042149364948273
2026-01-20,0.0,0.1975322663784027
2026-01-21,0.0,0.12884736061096191
2026-01-22,0.0,0.12574321031570435
2026-01-23,0.0,0.11502091586589813
2026-01-26,0.0,0.11226526647806168
2026-01-27,0.0,0.10461938381195068
2026-01-28,0.0,0.10883188992738724
2026-01-29,0.0,0.13793238997459412
2026-01-30,0.0,0.11740177869796753
2026-02-02,0.0,0.10167738795280457
2026-02-03,0.0,0.170367032289505
2026-02-04,0.0,0.20392490923404694
2026-02-05,0.0,0.21048080921173096
2026-02-06,0.0,0.11230422556400299
2026-02-09,0.0,0.11779394000768661
2026-02-10,0.0,0.11989258229732513
2026-02-11,0.0,0.13204577565193176
2026-02-12,0.0,0.179025337100029
2026-02-13,0.0,0.14729775488376617
2026-02-17,0.0,0.1398114711046219
2026-02-18,0.0,0.14339718222618103
2026-02-19,0.0,0.15513810515403748
2026-02-20,0.0,0.12054196745157242
2026-02-23,0.0,0.15641333162784576
2026-02-24,0.0,0.1403922736644745
2026-02-25,0.0,0.13739189505577087
2026-02-26,0.0,0.1343485414981842
2026-02-27,0.0,0.14232957363128662
2026-03-02,0.0,0.16714651882648468
2026-03-03,0.0,0.2097216248512268
2026-03-04,0.0,0.15090087056159973
2026-03-05,0.0,0.18066860735416412
2026-03-06,0.0,0.22050295770168304
2026-03-09,0.0,0.21947085857391357
2026-03-10,0.0,0.17104561626911163
2026-03-11,0.0,0.1867188960313797
2026-03-12,0.0,0.2669045031070709
2026-03-13,0.0,0.23124182224273682
2026-03-16,0.0,0.1508270800113678
2026-03-17,0.0,0.15069065988063812
2026-03-18,0.0,0.21397218108177185
2026-03-19,0.0,0.21207483112812042
2026-03-20,0.0,0.22322574257850647
2026-03-23,0.0,0.2610664665699005
2026-03-24,0.0,0.23946920037269592
2026-03-25,0.0,0.19457809627056122
2026-03-26,0.0,0.2713581323623657
2026-03-27,0.0,0.36094650626182556
2026-03-30,0.0,0.3048636019229889
2026-03-31,0.0,0.2112339735031128
2026-04-01,0.0,0.17827649414539337
2026-04-02,0.0,0.2159651666879654
2026-04-06,0.0,0.2245522141456604
2026-04-07,0.0,0.2320888191461563
2026-04-08,0.0,0.127750962972641
2026-04-09,0.0,0.15322232246398926
2026-04-10,0.0,0.16237805783748627
2026-04-13,0.0,0.15162630379199982
2026-04-14,0.0,0.1227342039346695
2026-04-15,0.0,0.11865276098251343
2026-04-16,0.0,0.11148730665445328
2026-04-17,0.0,0.11080441623926163
2026-04-20,0.0,0.1533888578414917
2026-04-21,0.0,0.1239640861749649
2026-04-22,0.0,0.11754274368286133
2026-04-23,0.0,0.12387246638536453
2026-04-24,0.0,0.11205864697694778
2026-04-27,0.0,0.12723159790039062
2026-04-28,0.0,0.12301043421030045
2026-04-29,0.0,0.11400427669286728
2026-04-30,0.0,0.10680743306875229
2026-05-01,0.0,0.10347571969032288
2026-05-04,0.0,0.11987811326980591
2026-05-05,0.0,0.09415315836668015
2026-05-06,0.0,0.09388703107833862
2026-05-07,0.0,0.10779955983161926
2026-05-08,0.0,0.0934535562992096
2026-05-11,0.0,0.09162531048059464
2026-05-12,0.0,0.0912972092628479
2026-05-13,0.0,0.08686794340610504
2026-05-14,0.0,0.0880996435880661
2026-05-15,0.0,0.09279222786426544
2026-05-18,0.0,0.10131289809942245
2026-05-19,0.0,0.11885353177785873
2026-05-20,0.0,0.09404254704713821
2026-05-21,0.0,0.09081065654754639
2026-05-22,0.0,0.09933677315711975
2026-05-26,0.0,0.08669320493936539
2026-05-27,0.0,0.08927404135465622
2026-05-28,0.0,0.08972860127687454
2026-05-29,0.0,0.10691764950752258
2026-06-01,0.0,0.09761189669370651
2026-06-02,0.0,0.08526566624641418
2026-06-03,0.0,0.09467458724975586
2026-06-04,1.0,0.08643041551113129
2026-06-05,0.0,0.10366130620241165
2026-06-08,0.0,0.11316858977079391
2026-06-09,0.0,0.1123165413737297
2026-06-10,0.0,0.1316848248243332
2026-06-11,0.0,0.11021047085523605
2026-06-12,0.0,0.1076061949133873
2026-06-15,0.0,0.09297742694616318
2026-06-16,0.0,0.09845985472202301
2026-06-17,0.0,0.10856770724058151
2026-06-18,0.0,0.10631047189235687
2026-06-22,0.0,0.1101665124297142
2026-06-23,0.0,0.13316377997398376
2026-06-24,0.0,0.12296492606401443
2026-06-25,0.0,0.12069787085056305
2026-06-26,0.0,0.12243843823671341
2026-06-29,0.0,0.11388874053955078
2026-06-30,0.0,0.09265201538801193
2026-07-01,0.0,0.10773569345474243
2026-07-02,0.0,0.10290230065584183
2026-07-06,0.0,0.11455827951431274
2026-07-07,0.0,0.11001212894916534
2026-07-08,0.0,0.10212190449237823
2026-07-09,0.0,0.1308014690876007
2026-07-10,0.0,0.13046413660049438
2026-07-13,0.0,0.11829840391874313
2026-07-14,0.0,0.10539881139993668
2026-07-15,0.0,0.09568119794130325
2026-07-16,0.0,0.10679411143064499
2026-07-17,0.0,0.1212552934885025
2026-07-20,0.0,0.09880958497524261
2026-07-21,0.0,0.1047515720129013
2026-07-22,0.0,0.10365507751703262
2026-07-23,0.0,0.13765020668506622
2026-07-24,0.0,0.11841463297605515
2026-07-27,0.0,0.1206301748752594
2026-07-28,0.0,0.10715945810079575
2026-07-29,0.0,0.17394952476024628
2026-07-30,0.0,0.12776567041873932
2026-07-31,0.0,0.11342082917690277
2026-08-03,0.0,0.1106809601187706
2026-08-04,0.0,0.09565896540880203
2026-08-05,0.0,0.09437724947929382
2026-08-06,0.0,0.09441804885864258
2026-08-07,0.0,0.10699668526649475
2026-08-10,0.0,0.10713400691747665
2026-08-11,0.0,0.11862009018659592
2026-08-12,0.0,0.11758430302143097
