date,label,finetune_small_256
2016-01-04,0.0,0.4403110146522522
2016-01-05,0.0,0.3352685868740082
2016-01-06,1.0,0.49761515855789185
2016-01-07,0.0,0.6503020524978638
2016-01-08,0.0,0.6180087327957153
2016-01-11,0.0,0.7563729882240295
2016-01-12,1.0,0.7394807934761047
2016-01-13,0.0,0.7269429564476013
2016-01-14,1.0,0.8006142377853394
2016-01-15,0.0,0.7249309420585632
2016-01-19,0.0,0.7783118486404419
2016-01-20,0.0,0.7394279837608337
2016-01-21,0.0,0.7960674166679382
2016-01-22,0.0,0.8027390837669373
2016-01-25,0.0,0.8270143270492554
2016-01-26,0.0,0.817101001739502
2016-01-27,0.0,0.8244626522064209
2016-01-28,0.0,0.8199020624160767
2016-01-29,0.0,0.7677982449531555
2016-02-01,0.0,0.5731660723686218
2016-02-02,0.0,0.6489322185516357
2016-02-03,0.0,0.7376558780670166
2016-02-04,0.0,0.7075256705284119
2016-02-05,0.0,0.6996127963066101
2016-02-08,0.0,0.7515897154808044
2016-02-09,0.0,0.79316645860672
2016-02-10,0.0,0.8468576669692993
2016-02-11,0.0,0.7808434963226318
2016-02-12,0.0,0.7789114713668823
2016-02-16,0.0,0.7305379509925842
2016-02-17,0.0,0.6897359490394592
2016-02-18,0.0,0.636490523815155
2016-02-19,0.0,0.6517446637153625
2016-02-22,0.0,0.5059154033660889
2016-02-23,0.0,0.5285317897796631
2016-02-24,0.0,0.5796618461608887
2016-02-25,0.0,0.5344815850257874
2016-02-26,0.0,0.536355197429657
2016-02-29,0.0,0.5523697733879089
2016-03-01,0.0,0.43083953857421875
2016-03-02,0.0,0.4106806516647339
2016-03-03,0.0,0.41698914766311646
2016-03-04,0.0,0.5018861293792725
2016-03-07,0.0,0.44928285479545593
2016-03-08,0.0,0.46564143896102905
2016-03-09,0.0,0.4156680107116699
2016-03-10,0.0,0.4459529221057892
2016-03-11,0.0,0.35307854413986206
2016-03-14,0.0,0.33769580721855164
2016-03-15,0.0,0.3340373635292053
2016-03-16,0.0,0.29922255873680115
2016-03-17,0.0,0.3251000642776489
2016-03-18,0.0,0.39142268896102905
2016-03-21,0.0,0.29660746455192566
2016-03-22,0.0,0.2648559808731079
2016-03-23,0.0,0.26781779527664185
2016-03-24,0.0,0.2989733815193176
2016-03-28,0.0,0.29747700691223145
2016-03-29,0.0,0.2503930628299713
2016-03-30,0.0,0.25269001722335815
2016-03-31,0.0,0.2730574905872345
2016-04-01,0.0,0.258197546005249
2016-04-04,0.0,0.25485819578170776
2016-04-05,0.0,0.3187867999076843
2016-04-06,0.0,0.23130109906196594
2016-04-07,0.0,0.3220904469490051
2016-04-08,0.0,0.3161267638206482
2016-04-11,0.0,0.28324639797210693
2016-04-12,0.0,0.2499973475933075
2016-04-13,0.0,0.17526459693908691
2016-04-14,0.0,0.21933554112911224
2016-04-15,0.0,0.25398603081703186
2016-04-18,0.0,0.23579566180706024
2016-04-19,0.0,0.1838306188583374
2016-04-20,0.0,0.20453225076198578
2016-04-21,0.0,0.2811543047428131
2016-04-22,0.0,0.27224403619766235
2016-04-25,0.0,0.2851449251174927
2016-04-26,0.0,0.2725963890552521
2016-04-27,0.0,0.2616438567638397
2016-04-28,0.0,0.3282327353954315
2016-04-29,0.0,0.3536352813243866
2016-05-02,0.0,0.272525817155838
2016-05-03,0.0,0.3359073996543884
2016-05-04,0.0,0.34239906072616577
2016-05-05,0.0,0.3260264992713928
2016-05-06,0.0,0.3307143747806549
2016-05-09,0.0,0.2944367825984955
2016-05-10,0.0,0.19429033994674683
2016-05-11,0.0,0.2667010426521301
2016-05-12,0.0,0.3050151467323303
2016-05-13,0.0,0.3537125885486603
2016-05-16,0.0,0.25783470273017883
2016-05-17,0.0,0.30645209550857544
2016-05-18,0.0,0.31842803955078125
2016-05-19,0.0,0.31254738569259644
2016-05-20,0.0,0.27294230461120605
2016-05-23,0.0,0.27809494733810425
2016-05-24,0.0,0.20564983785152435
2016-05-25,0.0,0.17133262753486633
2016-05-26,0.0,0.19420020282268524
2016-05-27,0.0,0.22966960072517395
2016-05-31,0.0,0.18268273770809174
2016-06-01,0.0,0.20417115092277527
2016-06-02,0.0,0.18398089706897736
2016-06-03,0.0,0.22359460592269897
2016-06-06,0.0,0.17853233218193054
2016-06-07,0.0,0.15297476947307587
2016-06-08,0.0,0.15930989384651184
2016-06-09,0.0,0.18270303308963776
2016-06-10,0.0,0.3732806444168091
2016-06-13,0.0,0.2744801640510559
2016-06-14,0.0,0.26684626936912537
2016-06-15,0.0,0.2900068163871765
2016-06-16,0.0,0.31519076228141785
2016-06-17,0.0,0.3447183072566986
2016-06-20,0.0,0.23658810555934906
2016-06-21,0.0,0.2012142539024353
2016-06-22,0.0,0.20343567430973053
2016-06-23,1.0,0.17230740189552307
2016-06-24,0.0,0.4361957609653473
2016-06-27,0.0,0.4964051842689514
2016-06-28,0.0,0.30704233050346375
2016-06-29,0.0,0.20479810237884521
2016-06-30,0.0,0.1926187127828598
2016-07-01,0.0,0.21418961882591248
2016-07-05,0.0,0.28387483954429626
2016-07-06,0.0,0.23949818313121796
2016-07-07,0.0,0.2062244862318039
2016-07-08,0.0,0.17664986848831177
2016-07-11,0.0,0.15219330787658691
2016-07-12,0.0,0.13433116674423218
2016-07-13,0.0,0.14443489909172058
2016-07-14,0.0,0.14748196303844452
2016-07-15,0.0,0.17968131601810455
2016-07-18,0.0,0.14977477490901947
2016-07-19,0.0,0.15114670991897583
2016-07-20,0.0,0.1437775194644928
2016-07-21,0.0,0.140981063246727
2016-07-22,0.0,0.15048876404762268
2016-07-25,0.0,0.15642820298671722
2016-07-26,0.0,0.14151251316070557
2016-07-27,0.0,0.1378069669008255
2016-07-28,0.0,0.13790716230869293
2016-07-29,0.0,0.1405680924654007
2016-08-01,0.0,0.14161460101604462
2016-08-02,0.0,0.1541460156440735
2016-08-03,0.0,0.1466195285320282
2016-08-04,0.0,0.14468041062355042
2016-08-05,0.0,0.14678189158439636
2016-08-08,0.0,0.12410237640142441
2016-08-09,0.0,0.12155731767416
2016-08-10,0.0,0.12582063674926758
2016-08-11,0.0,0.1254146546125412
2016-08-12,0.0,0.15362684428691864
2016-08-15,0.0,0.1318066418170929
2016-08-16,0.0,0.1202789768576622
2016-08-17,0.0,0.12260986864566803
2016-08-18,0.0,0.12189937382936478
2016-08-19,0.0,0.1313980668783188
2016-08-22,0.0,0.152313694357872
2016-08-23,0.0,0.12457891553640366
2016-08-24,0.0,0.13892634212970734
2016-08-25,0.0,0.16089215874671936
2016-08-26,0.0,0.14985956251621246
2016-08-29,0.0,0.17460772395133972
2016-08-30,0.0,0.16138030588626862
2016-08-31,0.0,0.14646805822849274
2016-09-01,0.0,0.13511055707931519
2016-09-02,0.0,0.14547929167747498
2016-09-06,0.0,0.13223956525325775
2016-09-07,0.0,0.12688112258911133
2016-09-08,1.0,0.1282646358013153
2016-09-09,0.0,0.2727678716182709
2016-09-12,0.0,0.18238908052444458
2016-09-13,0.0,0.22649946808815002
2016-09-14,0.0,0.23032641410827637
2016-09-15,0.0,0.20997220277786255
2016-09-16,0.0,0.25399985909461975
2016-09-19,0.0,0.20817570388317108
2016-09-20,0.0,0.19740355014801025
2016-09-21,0.0,0.17742909491062164
2016-09-22,0.0,0.15401841700077057
2016-09-23,0.0,0.21189352869987488
2016-09-26,0.0,0.21402882039546967
2016-09-27,0.0,0.18748071789741516
2016-09-28,0.0,0.15574520826339722
2016-09-29,0.0,0.2546488642692566
2016-09-30,0.0,0.1580926775932312
2016-10-03,0.0,0.17807967960834503
2016-10-04,0.0,0.17956413328647614
2016-10-05,0.0,0.16817720234394073
2016-10-06,0.0,0.19959864020347595
2016-10-07,0.0,0.23856580257415771
2016-10-10,0.0,0.18151043355464935
2016-10-11,0.0,0.22590553760528564
2016-10-12,0.0,0.21522799134254456
2016-10-13,0.0,0.22812716662883759
2016-10-14,0.0,0.20362581312656403
2016-10-17,0.0,0.20219281315803528
2016-10-18,0.0,0.19041100144386292
2016-10-19,0.0,0.18119025230407715
2016-10-20,0.0,0.18347792327404022
2016-10-21,0.0,0.22152681648731232
2016-10-24,0.0,0.17467837035655975
2016-10-25,0.0,0.1912347674369812
2016-10-26,0.0,0.2134128361940384
2016-10-27,0.0,0.23790191113948822
2016-10-28,0.0,0.24061022698879242
2016-10-31,0.0,0.23525629937648773
2016-11-01,0.0,0.26961109042167664
2016-11-02,0.0,0.2764970660209656
2016-11-03,0.0,0.3256261944770813
2016-11-04,0.0,0.3310556709766388
2016-11-07,0.0,0.19953572750091553
2016-11-08,0.0,0.18443313241004944
2016-11-09,0.0,0.14540091156959534
2016-11-10,0.0,0.13192686438560486
2016-11-11,0.0,0.13489317893981934
2016-11-14,0.0,0.18634749948978424
2016-11-15,0.0,0.10542334616184235
2016-11-16,0.0,0.13856570422649384
2016-11-17,0.0,0.13378968834877014
2016-11-18,0.0,0.14995422959327698
2016-11-21,0.0,0.11980582028627396
2016-11-22,0.0,0.10631073266267776
2016-11-23,0.0,0.10917862504720688
2016-11-25,0.0,0.16602914035320282
2016-11-28,0.0,0.09733317047357559
2016-11-29,0.0,0.0847463309764862
2016-11-30,0.0,0.12212628126144409
2016-12-01,0.0,0.1276935487985611
2016-12-02,0.0,0.11514818668365479
2016-12-05,0.0,0.09045324474573135
2016-12-06,0.0,0.0880209431052208
2016-12-07,0.0,0.075933076441288
2016-12-08,0.0,0.07615134119987488
2016-12-09,0.0,0.07994592934846878
2016-12-12,0.0,0.06316659599542618
2016-12-13,0.0,0.06735077500343323
2016-12-14,0.0,0.07731295377016068
2016-12-15,0.0,0.07306703180074692
2016-12-16,0.0,0.1242145225405693
2016-12-19,0.0,0.09791979938745499
2016-12-20,0.0,0.09282317757606506
2016-12-21,0.0,0.10186425596475601
2016-12-22,0.0,0.11569245159626007
2016-12-23,0.0,0.17682112753391266
2016-12-27,0.0,0.15925809741020203
2016-12-28,0.0,0.14483940601348877
2016-12-29,0.0,0.14851076900959015
2016-12-30,0.0,0.14345847070217133
2017-01-03,0.0,0.07844889163970947
2017-01-04,0.0,0.07624154537916183
2017-01-05,0.0,0.07731147855520248
2017-01-06,0.0,0.12447744607925415
2017-01-09,0.0,0.1176675483584404
2017-01-10,0.0,0.08963373303413391
2017-01-11,0.0,0.11344367265701294
2017-01-12,0.0,0.09666834771633148
2017-01-13,0.0,0.11241886764764786
2017-01-17,0.0,0.10679613053798676
2017-01-18,0.0,0.10201719403266907
2017-01-19,0.0,0.10271239280700684
2017-01-20,0.0,0.11416367441415787
2017-01-23,0.0,0.11122413724660873
2017-01-24,0.0,0.08656267821788788
2017-01-25,0.0,0.0925055667757988
2017-01-26,0.0,0.0897754430770874
2017-01-27,0.0,0.12625692784786224
2017-01-30,0.0,0.11441910266876221
2017-01-31,0.0,0.09916342049837112
2017-02-01,0.0,0.09564867615699768
2017-02-02,0.0,0.09990450739860535
2017-02-03,0.0,0.10773736238479614
2017-02-06,0.0,0.11851444840431213
2017-02-07,0.0,0.10877825319766998
2017-02-08,0.0,0.11798160523176193
2017-02-09,0.0,0.09751298278570175
2017-02-10,0.0,0.09726419299840927
2017-02-13,0.0,0.08368998020887375
2017-02-14,0.0,0.08003199845552444
2017-02-15,0.0,0.09103264659643173
2017-02-16,0.0,0.09444361925125122
2017-02-17,0.0,0.10164423286914825
2017-02-21,0.0,0.09399678558111191
2017-02-22,0.0,0.08918741345405579
2017-02-23,0.0,0.09700030088424683
2017-02-24,0.0,0.11947895586490631
2017-02-27,0.0,0.10807639360427856
2017-02-28,0.0,0.11310108751058578
2017-03-01,0.0,0.1342434138059616
2017-03-02,0.0,0.13089396059513092
2017-03-03,0.0,0.13810981810092926
2017-03-06,0.0,0.13292771577835083
2017-03-07,0.0,0.11146851629018784
2017-03-08,0.0,0.10202346742153168
2017-03-09,0.0,0.1123524010181427
2017-03-10,0.0,0.19513826072216034
2017-03-13,0.0,0.12763546407222748
2017-03-14,0.0,0.11579328030347824
2017-03-15,0.0,0.10291464626789093
2017-03-16,0.0,0.08751650899648666
2017-03-17,0.0,0.14301377534866333
2017-03-20,0.0,0.10526629537343979
2017-03-21,0.0,0.11108409613370895
2017-03-22,0.0,0.12621402740478516
2017-03-23,0.0,0.11679178476333618
2017-03-24,0.0,0.137353777885437
2017-03-27,0.0,0.13586243987083435
2017-03-28,0.0,0.11186102032661438
2017-03-29,0.0,0.1177978590130806
2017-03-30,0.0,0.11350809782743454
2017-03-31,0.0,0.1354253590106964
2017-04-03,0.0,0.13986146450042725
2017-04-04,0.0,0.1363605558872223
2017-04-05,0.0,0.11457885801792145
2017-04-06,0.0,0.12455923110246658
2017-04-07,0.0,0.11901235580444336
2017-04-10,0.0,0.1419813185930252
2017-04-11,0.0,0.124526746571064
2017-04-12,0.0,0.1345112919807434
2017-04-13,0.0,0.1656711995601654
2017-04-17,0.0,0.14086638391017914
2017-04-18,0.0,0.14265109598636627
2017-04-19,0.0,0.12510569393634796
2017-04-20,0.0,0.10288281738758087
2017-04-21,0.0,0.1289450228214264
2017-04-24,0.0,0.10117559880018234
2017-04-25,0.0,0.08784104883670807
2017-04-26,0.0,0.08922327309846878
2017-04-27,0.0,0.09519819170236588
2017-04-28,0.0,0.08744761347770691
2017-05-01,0.0,0.09130246937274933
2017-05-02,0.0,0.0952896922826767
2017-05-03,0.0,0.09420944005250931
2017-05-04,0.0,0.095843605697155
2017-05-05,0.0,0.11816936731338501
2017-05-08,0.0,0.09485024958848953
2017-05-09,0.0,0.07700445502996445
2017-05-10,0.0,0.07715807855129242
2017-05-11,0.0,0.08022195845842361
2017-05-12,0.0,0.10131537169218063
2017-05-15,0.0,0.07928977161645889
2017-05-16,0.0,0.08751516044139862
2017-05-17,0.0,0.17961524426937103
2017-05-18,0.0,0.15161168575286865
2017-05-19,0.0,0.11790061742067337
2017-05-22,0.0,0.10129225254058838
2017-05-23,0.0,0.10746540129184723
2017-05-24,0.0,0.10390732437372208
2017-05-25,0.0,0.09983823448419571
2017-05-26,0.0,0.12675602734088898
2017-05-30,0.0,0.11878171563148499
2017-05-31,0.0,0.10243017226457596
2017-06-01,0.0,0.08360055834054947
2017-06-02,0.0,0.09400530904531479
2017-06-05,0.0,0.10464200377464294
2017-06-06,0.0,0.07947094738483429
2017-06-07,0.0,0.07709807902574539
2017-06-08,0.0,0.0739360898733139
2017-06-09,0.0,0.08478546887636185
2017-06-12,0.0,0.09079746901988983
2017-06-13,0.0,0.09449571371078491
2017-06-14,0.0,0.07989496737718582
2017-06-15,0.0,0.0955749899148941
2017-06-16,0.0,0.11636564135551453
2017-06-19,0.0,0.09869851917028427
2017-06-20,0.0,0.11133328080177307
2017-06-21,0.0,0.11747660487890244
2017-06-22,0.0,0.12112706154584885
2017-06-23,0.0,0.13670796155929565
2017-06-26,0.0,0.11512775719165802
2017-06-27,0.0,0.12088284641504288
2017-06-28,0.0,0.11941901594400406
2017-06-29,0.0,0.12868982553482056
2017-06-30,0.0,0.13105247914791107
2017-07-03,0.0,0.19412660598754883
2017-07-05,0.0,0.0913274735212326
2017-07-06,0.0,0.11676885187625885
2017-07-07,0.0,0.09921340644359589
2017-07-10,0.0,0.09771490097045898
2017-07-11,0.0,0.10613621026277542
2017-07-12,0.0,0.10526803135871887
2017-07-13,0.0,0.10246087610721588
2017-07-14,0.0,0.12056755274534225
2017-07-17,0.0,0.10938703268766403
2017-07-18,0.0,0.09367354959249496
2017-07-19,0.0,0.10083745419979095
2017-07-20,0.0,0.09383706748485565
2017-07-21,0.0,0.1055239662528038
2017-07-24,0.0,0.1047694981098175
2017-07-25,0.0,0.10228349268436432
2017-07-26,0.0,0.08668992668390274
2017-07-27,0.0,0.10035888105630875
2017-07-28,0.0,0.12588466703891754
2017-07-31,0.0,0.10596271604299545
2017-08-01,0.0,0.10288123041391373
2017-08-02,0.0,0.10237963497638702
2017-08-03,0.0,0.09820938110351562
2017-08-04,0.0,0.11401502788066864
2017-08-07,0.0,0.10988128185272217
2017-08-08,0.0,0.10304185003042221
2017-08-09,0.0,0.10400267690420151
2017-08-10,0.0,0.14199456572532654
2017-08-11,0.0,0.14767678081989288
2017-08-14,0.0,0.1178366169333458
2017-08-15,0.0,0.1067366749048233
2017-08-16,0.0,0.101996049284935
2017-08-17,0.0,0.1536218822002411
2017-08-18,0.0,0.16882430016994476
2017-08-21,0.0,0.1296214461326599
2017-08-22,0.0,0.11968037486076355
2017-08-23,0.0,0.11945979297161102
2017-08-24,0.0,0.12065497785806656
2017-08-25,0.0,0.14197251200675964
2017-08-28,0.0,0.12247370183467865
2017-08-29,0.0,0.11831295490264893
2017-08-30,0.0,0.11644315719604492
2017-08-31,0.0,0.10694210231304169
2017-09-01,0.0,0.1254100203514099
2017-09-05,0.0,0.1157488226890564
2017-09-06,0.0,0.12033918499946594
2017-09-07,0.0,0.11606602370738983
2017-09-08,0.0,0.1381097137928009
2017-09-11,0.0,0.11540128290653229
2017-09-12,0.0,0.10643646866083145
2017-09-13,0.0,0.10441997647285461
2017-09-14,0.0,0.10508071631193161
2017-09-15,0.0,0.13617166876792908
2017-09-18,0.0,0.09879181534051895
2017-09-19,0.0,0.09851277619600296
2017-09-20,0.0,0.09383140504360199
2017-09-21,0.0,0.09922698140144348
2017-09-22,0.0,0.1261320859193802
2017-09-25,0.0,0.11985734850168228
2017-09-26,0.0,0.1039246916770935
2017-09-27,0.0,0.09767813235521317
2017-09-28,0.0,0.10091761499643326
2017-09-29,0.0,0.10414392501115799
2017-10-02,0.0,0.08791573345661163
2017-10-03,0.0,0.09960778802633286
2017-10-04,0.0,0.09707087278366089
2017-10-05,0.0,0.0918392613530159
2017-10-06,0.0,0.11086051166057587
2017-10-09,0.0,0.12901000678539276
2017-10-10,0.0,0.0929609015583992
2017-10-11,0.0,0.09346035122871399
2017-10-12,0.0,0.09171545505523682
2017-10-13,0.0,0.10240597277879715
2017-10-16,0.0,0.09665977209806442
2017-10-17,0.0,0.09349235892295837
2017-10-18,0.0,0.09255144000053406
2017-10-19,0.0,0.09162870794534683
2017-10-20,0.0,0.09102249145507812
2017-10-23,0.0,0.08374880254268646
2017-10-24,0.0,0.07495427876710892
2017-10-25,0.0,0.08587688207626343
2017-10-26,0.0,0.07716304808855057
2017-10-27,0.0,0.0849771797657013
2017-10-30,0.0,0.08321154862642288
2017-10-31,0.0,0.10113072395324707
2017-11-01,0.0,0.11128274351358414
2017-11-02,0.0,0.11099448800086975
2017-11-03,0.0,0.11570419371128082
2017-11-06,0.0,0.09312912076711655
2017-11-07,0.0,0.10480043292045593
2017-11-08,0.0,0.09531684964895248
2017-11-09,0.0,0.0900510773062706
2017-11-10,0.0,0.11425774544477463
2017-11-13,0.0,0.1121937707066536
2017-11-14,0.0,0.08707128465175629
2017-11-15,0.0,0.11208628118038177
2017-11-16,0.0,0.09064289927482605
2017-11-17,0.0,0.10215456783771515
2017-11-20,0.0,0.1024855524301529
2017-11-21,0.0,0.08520742505788803
2017-11-22,0.0,0.09974539279937744
2017-11-24,0.0,0.14918877184391022
2017-11-27,0.0,0.11521881073713303
2017-11-28,0.0,0.06462882459163666
2017-11-29,0.0,0.0792400985956192
2017-11-30,0.0,0.08684995770454407
2017-12-01,0.0,0.06794580817222595
2017-12-04,0.0,0.07423767447471619
2017-12-05,0.0,0.07051122188568115
2017-12-06,0.0,0.07672842592000961
2017-12-07,0.0,0.061441075056791306
2017-12-08,0.0,0.07253281772136688
2017-12-11,0.0,0.06201362609863281
2017-12-12,0.0,0.05521291121840477
2017-12-13,0.0,0.05871979892253876
2017-12-14,0.0,0.06461841613054276
2017-12-15,0.0,0.12208666652441025
2017-12-18,0.0,0.07370534539222717
2017-12-19,0.0,0.06738350540399551
2017-12-20,0.0,0.07104462385177612
2017-12-21,0.0,0.060212306678295135
2017-12-22,0.0,0.17898188531398773
2017-12-26,0.0,0.14753437042236328
2017-12-27,0.0,0.1902366727590561
2017-12-28,0.0,0.17300960421562195
2017-12-29,0.0,0.15270964801311493
2018-01-02,0.0,0.04894641041755676
2018-01-03,0.0,0.05596958100795746
2018-01-04,0.0,0.05896845459938049
2018-01-05,0.0,0.06541402637958527
2018-01-08,0.0,0.06683972477912903
2018-01-09,0.0,0.07538406550884247
2018-01-10,0.0,0.06489582359790802
2018-01-11,0.0,0.05865686386823654
2018-01-12,0.0,0.07714743167161942
2018-01-16,0.0,0.12357920408248901
2018-01-17,0.0,0.06210203841328621
2018-01-18,0.0,0.05790291726589203
2018-01-19,0.0,0.0833028182387352
2018-01-22,0.0,0.08885552734136581
2018-01-23,0.0,0.09870961308479309
2018-01-24,0.0,0.08574245125055313
2018-01-25,0.0,0.08359625190496445
2018-01-26,0.0,0.09610119462013245
2018-01-29,0.0,0.10066933184862137
2018-01-30,0.0,0.09229600429534912
2018-01-31,0.0,0.13414213061332703
2018-02-01,1.0,0.07288455963134766
2018-02-02,1.0,0.15693047642707825
2018-02-05,0.0,0.38042449951171875
2018-02-06,0.0,0.1743164360523224
2018-02-07,1.0,0.15036514401435852
2018-02-08,0.0,0.3318029046058655
2018-02-09,0.0,0.27511611580848694
2018-02-12,0.0,0.13454659283161163
2018-02-13,0.0,0.15146948397159576
2018-02-14,0.0,0.11156056821346283
2018-02-15,0.0,0.10058630257844925
2018-02-16,0.0,0.10754126310348511
2018-02-20,0.0,0.1053275540471077
2018-02-21,0.0,0.10488725453615189
2018-02-22,0.0,0.10263147950172424
2018-02-23,0.0,0.09811418503522873
2018-02-26,0.0,0.09308651834726334
2018-02-27,0.0,0.10094187408685684
2018-02-28,0.0,0.2175140380859375
2018-03-01,0.0,0.2763950526714325
2018-03-02,0.0,0.19450713694095612
2018-03-05,0.0,0.12669165432453156
2018-03-06,0.0,0.11638934165239334
2018-03-07,0.0,0.12063853442668915
2018-03-08,0.0,0.11303912103176117
2018-03-09,0.0,0.09919548034667969
2018-03-12,0.0,0.09476358443498611
2018-03-13,0.0,0.09776750206947327
2018-03-14,0.0,0.11213749647140503
2018-03-15,0.0,0.11362292617559433
2018-03-16,0.0,0.1730015128850937
2018-03-19,0.0,0.2832449972629547
2018-03-20,0.0,0.16566137969493866
2018-03-21,1.0,0.18260547518730164
2018-03-22,1.0,0.3293888568878174
2018-03-23,0.0,0.4031253755092621
2018-03-26,0.0,0.21577054262161255
2018-03-27,0.0,0.4458147883415222
2018-03-28,0.0,0.4158191680908203
2018-03-29,1.0,0.310624361038208
2018-04-02,0.0,0.31530481576919556
2018-04-03,0.0,0.26611196994781494
2018-04-04,0.0,0.1573004126548767
2018-04-05,1.0,0.1676231026649475
2018-04-06,0.0,0.4159412086009979
2018-04-09,0.0,0.277529239654541
2018-04-10,0.0,0.1538219302892685
2018-04-11,0.0,0.18546965718269348
2018-04-12,0.0,0.16820891201496124
2018-04-13,0.0,0.20194780826568604
2018-04-16,0.0,0.15376660227775574
2018-04-17,0.0,0.15175054967403412
2018-04-18,0.0,0.14894704520702362
2018-04-19,0.0,0.19572101533412933
2018-04-20,0.0,0.25547102093696594
2018-04-23,0.0,0.22549505531787872
2018-04-24,0.0,0.25352081656455994
2018-04-25,0.0,0.2912682592868805
2018-04-26,0.0,0.18846647441387177
2018-04-27,0.0,0.2110942155122757
2018-04-30,0.0,0.23376791179180145
2018-05-01,0.0,0.2419051229953766
2018-05-02,0.0,0.2843450903892517
2018-05-03,0.0,0.32813867926597595
2018-05-04,0.0,0.2121061086654663
2018-05-07,0.0,0.20244130492210388
2018-05-08,0.0,0.20023983716964722
2018-05-09,0.0,0.16890949010849
2018-05-10,0.0,0.13987861573696136
2018-05-11,0.0,0.17325247824192047
2018-05-14,0.0,0.15074823796749115
2018-05-15,0.0,0.1813889443874359
2018-05-16,0.0,0.18293268978595734
2018-05-17,0.0,0.15027610957622528
2018-05-18,0.0,0.15838582813739777
2018-05-21,0.0,0.13768219947814941
2018-05-22,0.0,0.13795724511146545
2018-05-23,0.0,0.16002213954925537
2018-05-24,0.0,0.15487027168273926
2018-05-25,0.0,0.1786651462316513
2018-05-29,0.0,0.27249449491500854
2018-05-30,0.0,0.1601037234067917
2018-05-31,0.0,0.23940102756023407
2018-06-01,0.0,0.15010884404182434
2018-06-04,0.0,0.12965711951255798
2018-06-05,0.0,0.13076822459697723
2018-06-06,0.0,0.09375549852848053
2018-06-07,0.0,0.10067375004291534
2018-06-08,0.0,0.11446098983287811
2018-06-11,0.0,0.11082548648118973
2018-06-12,0.0,0.1037149727344513
2018-06-13,0.0,0.11774682998657227
2018-06-14,0.0,0.11454889178276062
2018-06-15,0.0,0.22184650599956512
2018-06-18,0.0,0.1971927285194397
2018-06-19,0.0,0.18645618855953217
2018-06-20,0.0,0.1880408525466919
2018-06-21,0.0,0.21724919974803925
2018-06-22,0.0,0.24814848601818085
2018-06-25,0.0,0.2796536087989807
2018-06-26,0.0,0.25060519576072693
2018-06-27,0.0,0.295634925365448
2018-06-28,0.0,0.2618871033191681
2018-06-29,0.0,0.19576868414878845
2018-07-02,0.0,0.22048042714595795
2018-07-03,0.0,0.20185154676437378
2018-07-05,0.0,0.1721310019493103
2018-07-06,0.0,0.17637664079666138
2018-07-09,0.0,0.1506648063659668
2018-07-10,0.0,0.1298244446516037
2018-07-11,0.0,0.1455584019422531
2018-07-12,0.0,0.13236375153064728
2018-07-13,0.0,0.1509343385696411
2018-07-16,0.0,0.13540016114711761
2018-07-17,0.0,0.12962500751018524
2018-07-18,0.0,0.11514393985271454
2018-07-19,0.0,0.12086319923400879
2018-07-20,0.0,0.1492772102355957
2018-07-23,0.0,0.1300603449344635
2018-07-24,0.0,0.09783817827701569
2018-07-25,0.0,0.09542405605316162
2018-07-26,0.0,0.10550279170274734
2018-07-27,0.0,0.13326968252658844
2018-07-30,0.0,0.1501183807849884
2018-07-31,0.0,0.10692279040813446
2018-08-01,0.0,0.1277988702058792
2018-08-02,0.0,0.11728859692811966
2018-08-03,0.0,0.11456643044948578
2018-08-06,0.0,0.10374625027179718
2018-08-07,0.0,0.10701047629117966
2018-08-08,0.0,0.10481566190719604
2018-08-09,0.0,0.11781098693609238
2018-08-10,0.0,0.14878018200397491
2018-08-13,0.0,0.17590691149234772
2018-08-14,0.0,0.13309983909130096
2018-08-15,0.0,0.2286136895418167
2018-08-16,0.0,0.12703673541545868
2018-08-17,0.0,0.13600030541419983
2018-08-20,0.0,0.11835257709026337
2018-08-21,0.0,0.1115105152130127
2018-08-22,0.0,0.12229067087173462
2018-08-23,0.0,0.11736149340867996
2018-08-24,0.0,0.13161039352416992
2018-08-27,0.0,0.11959650367498398
2018-08-28,0.0,0.11541883647441864
2018-08-29,0.0,0.11924395710229874
2018-08-30,0.0,0.11174286901950836
2018-08-31,0.0,0.15102683007717133
2018-09-04,0.0,0.10677232593297958
2018-09-05,0.0,0.11157487332820892
2018-09-06,0.0,0.14833581447601318
2018-09-07,0.0,0.14963728189468384
2018-09-10,0.0,0.1286514848470688
2018-09-11,0.0,0.1395673006772995
2018-09-12,0.0,0.11421635001897812
2018-09-13,0.0,0.11133677512407303
2018-09-14,0.0,0.11232390254735947
2018-09-17,0.0,0.11301592737436295
2018-09-18,0.0,0.10124117136001587
2018-09-19,0.0,0.08489931374788284
2018-09-20,0.0,0.09760335087776184
2018-09-21,0.0,0.15291213989257812
2018-09-24,0.0,0.08296945691108704
2018-09-25,0.0,0.08444313704967499
2018-09-26,0.0,0.09345853328704834
2018-09-27,0.0,0.10542378574609756
2018-09-28,0.0,0.08581340312957764
2018-10-01,0.0,0.0809752494096756
2018-10-02,0.0,0.07993823289871216
2018-10-03,0.0,0.07637088745832443
2018-10-04,0.0,0.12094475328922272
2018-10-05,0.0,0.15903589129447937
2018-10-08,0.0,0.15713387727737427
2018-10-09,1.0,0.11960303783416748
2018-10-10,1.0,0.31143757700920105
2018-10-11,0.0,0.5222532749176025
2018-10-12,0.0,0.3008389472961426
2018-10-15,0.0,0.345958948135376
2018-10-16,0.0,0.229850172996521
2018-10-17,0.0,0.2752622067928314
2018-10-18,0.0,0.3612862527370453
2018-10-19,0.0,0.3645126223564148
2018-10-22,0.0,0.3458094894886017
2018-10-23,1.0,0.38650861382484436
2018-10-24,0.0,0.5749444961547852
2018-10-25,0.0,0.3840559720993042
2018-10-26,0.0,0.6551901698112488
2018-10-29,0.0,0.572894811630249
2018-10-30,0.0,0.4342361092567444
2018-10-31,0.0,0.4159564971923828
2018-11-01,0.0,0.38762998580932617
2018-11-02,0.0,0.401274174451828
2018-11-05,0.0,0.36384227871894836
2018-11-06,0.0,0.3070574700832367
2018-11-07,0.0,0.1596292108297348
2018-11-08,0.0,0.2490393966436386
2018-11-09,0.0,0.37623676657676697
2018-11-12,0.0,0.42355841398239136
2018-11-13,0.0,0.36156439781188965
2018-11-14,0.0,0.4925159215927124
2018-11-15,0.0,0.35886669158935547
2018-11-16,0.0,0.4070407450199127
2018-11-19,0.0,0.4407617747783661
2018-11-20,0.0,0.6229848265647888
2018-11-21,0.0,0.4813816249370575
2018-11-23,0.0,0.5775602459907532
2018-11-26,0.0,0.4296179413795471
2018-11-27,0.0,0.4198095202445984
2018-11-28,0.0,0.29261329770088196
2018-11-29,0.0,0.310852587223053
2018-11-30,0.0,0.3080563247203827
2018-12-03,1.0,0.18044987320899963
2018-12-04,0.0,0.5203059911727905
2018-12-06,1.0,0.5214976072311401
2018-12-07,0.0,0.6209965944290161
2018-12-10,0.0,0.5938524007797241
2018-12-11,0.0,0.5564854145050049
2018-12-12,0.0,0.49411872029304504
2018-12-13,0.0,0.5311422348022461
2018-12-14,1.0,0.6673190593719482
2018-12-17,0.0,0.7599049210548401
2018-12-18,0.0,0.7718948125839233
2018-12-19,0.0,0.8249586224555969
2018-12-20,1.0,0.6834802627563477
2018-12-21,1.0,0.6649119257926941
2018-12-24,0.0,0.650138795375824
2018-12-26,0.0,0.5784674882888794
2018-12-27,0.0,0.781743049621582
2018-12-28,0.0,0.7805927991867065
2018-12-31,0.0,0.7187010049819946
2019-01-02,1.0,0.7260060906410217
2019-01-03,0.0,0.7755983471870422
2019-01-04,0.0,0.7263273596763611
2019-01-07,0.0,0.6001939177513123
2019-01-08,0.0,0.5836917757987976
2019-01-09,0.0,0.512779951095581
2019-01-10,0.0,0.48660123348236084
2019-01-11,0.0,0.5048711895942688
2019-01-14,0.0,0.4929210841655731
2019-01-15,0.0,0.44356298446655273
2019-01-16,0.0,0.4452247619628906
2019-01-17,0.0,0.421720415353775
2019-01-18,0.0,0.45025959610939026
2019-01-22,0.0,0.42553427815437317
2019-01-23,0.0,0.4527122676372528
2019-01-24,0.0,0.434967577457428
2019-01-25,0.0,0.4572402238845825
2019-01-28,0.0,0.46424004435539246
2019-01-29,0.0,0.4387948513031006
2019-01-30,0.0,0.37610065937042236
2019-01-31,0.0,0.4141312539577484
2019-02-01,0.0,0.3647749423980713
2019-02-04,0.0,0.2808419466018677
2019-02-05,0.0,0.2959597706794739
2019-02-06,0.0,0.29334506392478943
2019-02-07,0.0,0.40745267271995544
2019-02-08,0.0,0.38336193561553955
2019-02-11,0.0,0.36808037757873535
2019-02-12,0.0,0.2640705108642578
2019-02-13,0.0,0.24241171777248383
2019-02-14,0.0,0.28876835107803345
2019-02-15,0.0,0.23948659002780914
2019-02-19,0.0,0.2659294605255127
2019-02-20,0.0,0.2675834894180298
2019-02-21,0.0,0.2922343909740448
2019-02-22,0.0,0.27208390831947327
2019-02-25,0.0,0.2507568895816803
2019-02-26,0.0,0.24074949324131012
2019-02-27,0.0,0.2771535813808441
2019-02-28,0.0,0.3098567724227905
2019-03-01,0.0,0.2538604140281677
2019-03-04,0.0,0.2590828239917755
2019-03-05,0.0,0.26915493607521057
2019-03-06,0.0,0.3108145296573639
2019-03-07,0.0,0.37525561451911926
2019-03-08,0.0,0.393817275762558
2019-03-11,0.0,0.22402480244636536
2019-03-12,0.0,0.19639509916305542
2019-03-13,0.0,0.1639080047607422
2019-03-14,0.0,0.21105778217315674
2019-03-15,0.0,0.2631450295448303
2019-03-18,0.0,0.22587409615516663
2019-03-19,0.0,0.19723296165466309
2019-03-20,0.0,0.23514586687088013
2019-03-21,0.0,0.18994715809822083
2019-03-22,0.0,0.2782209515571594
2019-03-25,0.0,0.2983139157295227
2019-03-26,0.0,0.22322507202625275
2019-03-27,0.0,0.24524123966693878
2019-03-28,0.0,0.2490355223417282
2019-03-29,0.0,0.16939541697502136
2019-04-01,0.0,0.1424388587474823
2019-04-02,0.0,0.13755714893341064
2019-04-03,0.0,0.14859047532081604
2019-04-04,0.0,0.13220731914043427
2019-04-05,0.0,0.1515149176120758
2019-04-08,0.0,0.14622193574905396
2019-04-09,0.0,0.1775325983762741
2019-04-10,0.0,0.161137193441391
2019-04-11,0.0,0.14861005544662476
2019-04-12,0.0,0.14269351959228516
2019-04-15,0.0,0.1584741622209549
2019-04-16,0.0,0.1483350247144699
2019-04-17,0.0,0.1503080129623413
2019-04-18,0.0,0.15250550210475922
2019-04-22,0.0,0.14935436844825745
2019-04-23,0.0,0.12628793716430664
2019-04-24,0.0,0.1454121619462967
2019-04-25,0.0,0.15450650453567505
2019-04-26,0.0,0.1506868302822113
2019-04-29,0.0,0.12582118809223175
2019-04-30,0.0,0.13014988601207733
2019-05-01,0.0,0.1580573320388794
2019-05-02,0.0,0.19107168912887573
2019-05-03,0.0,0.15901421010494232
2019-05-06,0.0,0.19035828113555908
2019-05-07,0.0,0.2710406184196472
2019-05-08,0.0,0.24576839804649353
2019-05-09,0.0,0.24619513750076294
2019-05-10,1.0,0.3211894929409027
2019-05-13,0.0,0.31215164065361023
2019-05-14,0.0,0.2777281701564789
2019-05-15,0.0,0.26355719566345215
2019-05-16,0.0,0.20047646760940552
2019-05-17,0.0,0.26630696654319763
2019-05-20,0.0,0.2822938859462738
2019-05-21,0.0,0.21903707087039948
2019-05-22,0.0,0.23634164035320282
2019-05-23,0.0,0.3590438961982727
2019-05-24,0.0,0.27834680676460266
2019-05-28,0.0,0.23312731087207794
2019-05-29,0.0,0.3433643579483032
2019-05-30,0.0,0.28570905327796936
2019-05-31,0.0,0.3897416293621063
2019-06-03,0.0,0.34813234210014343
2019-06-04,0.0,0.23003774881362915
2019-06-05,0.0,0.22976893186569214
2019-06-06,0.0,0.23925833404064178
2019-06-07,0.0,0.2314389944076538
2019-06-10,0.0,0.20000030100345612
2019-06-11,0.0,0.23465237021446228
2019-06-12,0.0,0.2474488765001297
2019-06-13,0.0,0.2409307062625885
2019-06-14,0.0,0.2222202867269516
2019-06-17,0.0,0.19927170872688293
2019-06-18,0.0,0.1615408957004547
2019-06-19,0.0,0.16457827389240265
2019-06-20,0.0,0.1317480206489563
2019-06-21,0.0,0.2137170135974884
2019-06-24,0.0,0.19475865364074707
2019-06-25,0.0,0.199210524559021
2019-06-26,0.0,0.22929441928863525
2019-06-27,0.0,0.19878645241260529
2019-06-28,0.0,0.21922115981578827
2019-07-01,0.0,0.16287633776664734
2019-07-02,0.0,0.15401706099510193
2019-07-03,0.0,0.20292626321315765
2019-07-05,0.0,0.19268082082271576
2019-07-08,0.0,0.14774303138256073
2019-07-09,0.0,0.12790565192699432
2019-07-10,0.0,0.1189122274518013
2019-07-11,0.0,0.12595322728157043
2019-07-12,0.0,0.15245318412780762
2019-07-15,0.0,0.1403563767671585
2019-07-16,0.0,0.10682488977909088
2019-07-17,0.0,0.14340603351593018
2019-07-18,0.0,0.14142709970474243
2019-07-19,0.0,0.16256031394004822
2019-07-22,0.0,0.16063173115253448
2019-07-23,0.0,0.13147880136966705
2019-07-24,0.0,0.12494122982025146
2019-07-25,0.0,0.12071020901203156
2019-07-26,0.0,0.13570380210876465
2019-07-29,0.0,0.13722474873065948
2019-07-30,0.0,0.1403108537197113
2019-07-31,0.0,0.21126197278499603
2019-08-01,0.0,0.20163054764270782
2019-08-02,1.0,0.2563225328922272
2019-08-05,0.0,0.3643864393234253
2019-08-06,0.0,0.2911764085292816
2019-08-07,0.0,0.2912037968635559
2019-08-08,0.0,0.17814131081104279
2019-08-09,0.0,0.2709614038467407
2019-08-12,0.0,0.32070687413215637
2019-08-13,1.0,0.2036999762058258
2019-08-14,0.0,0.32733914256095886
2019-08-15,0.0,0.33488771319389343
2019-08-16,0.0,0.2902480959892273
2019-08-19,0.0,0.20285968482494354
2019-08-20,0.0,0.24795711040496826
2019-08-21,0.0,0.20763243734836578
2019-08-22,1.0,0.21505515277385712
2019-08-23,0.0,0.3803083002567291
2019-08-26,0.0,0.23864534497261047
2019-08-27,0.0,0.2393486201763153
2019-08-28,0.0,0.23246821761131287
2019-08-29,0.0,0.19169697165489197
2019-08-30,0.0,0.21588806807994843
2019-09-03,0.0,0.23797458410263062
2019-09-04,0.0,0.16821998357772827
2019-09-05,0.0,0.13083100318908691
2019-09-06,0.0,0.17672160267829895
2019-09-09,0.0,0.19000907242298126
2019-09-10,0.0,0.16598305106163025
2019-09-11,0.0,0.13503874838352203
2019-09-12,0.0,0.12052183598279953
2019-09-13,0.0,0.16659514605998993
2019-09-16,0.0,0.16221009194850922
2019-09-17,0.0,0.13702256977558136
2019-09-18,0.0,0.15615586936473846
2019-09-19,0.0,0.13738276064395905
2019-09-20,0.0,0.23399947583675385
2019-09-23,0.0,0.1919439136981964
2019-09-24,0.0,0.20439296960830688
2019-09-25,0.0,0.1948525458574295
2019-09-26,0.0,0.1721489280462265
2019-09-27,0.0,0.20025473833084106
2019-09-30,0.0,0.19912920892238617
2019-10-01,0.0,0.2096382975578308
2019-10-02,0.0,0.32372692227363586
2019-10-03,0.0,0.28334730863571167
2019-10-04,0.0,0.22324644029140472
2019-10-07,0.0,0.2265615016222
2019-10-08,0.0,0.26582252979278564
2019-10-09,0.0,0.21510843932628632
2019-10-10,0.0,0.18166325986385345
2019-10-11,0.0,0.16377706825733185
2019-10-14,0.0,0.18207719922065735
2019-10-15,0.0,0.15217722952365875
2019-10-16,0.0,0.16128593683242798
2019-10-17,0.0,0.15022093057632446
2019-10-18,0.0,0.17251907289028168
2019-10-21,0.0,0.13542887568473816
2019-10-22,0.0,0.14117790758609772
2019-10-23,0.0,0.14205504953861237
2019-10-24,0.0,0.11312850564718246
2019-10-25,0.0,0.14555670320987701
2019-10-28,0.0,0.10290458053350449
2019-10-29,0.0,0.10387454181909561
2019-10-30,0.0,0.09843909740447998
2019-10-31,0.0,0.10627463459968567
2019-11-01,0.0,0.09777683764696121
2019-11-04,0.0,0.09293585270643234
2019-11-05,0.0,0.10389267653226852
2019-11-06,0.0,0.09748747944831848
2019-11-07,0.0,0.09691144526004791
2019-11-08,0.0,0.11677370220422745
2019-11-11,0.0,0.11307744681835175
2019-11-12,0.0,0.08945617079734802
2019-11-13,0.0,0.10326343029737473
2019-11-14,0.0,0.11321689188480377
2019-11-15,0.0,0.10380017757415771
2019-11-18,0.0,0.0862886905670166
2019-11-19,0.0,0.08384334295988083
2019-11-20,0.0,0.09812874346971512
2019-11-21,0.0,0.1086609810590744
2019-11-22,0.0,0.10915670543909073
2019-11-25,0.0,0.09058409929275513
2019-11-26,0.0,0.1392066329717636
2019-11-27,0.0,0.10480118542909622
2019-11-29,0.0,0.15739478170871735
2019-12-02,0.0,0.13426800072193146
2019-12-03,0.0,0.11031955480575562
2019-12-04,0.0,0.08337564021348953
2019-12-05,0.0,0.1060228943824768
2019-12-06,0.0,0.09145733714103699
2019-12-09,0.0,0.0901147723197937
2019-12-10,0.0,0.09240859001874924
2019-12-11,0.0,0.08920875191688538
2019-12-12,0.0,0.07683627307415009
2019-12-13,0.0,0.08381574600934982
2019-12-16,0.0,0.0816434994339943
2019-12-17,0.0,0.09560488164424896
2019-12-18,0.0,0.1143634170293808
2019-12-19,0.0,0.0987037867307663
2019-12-20,0.0,0.1399117410182953
2019-12-23,0.0,0.10374521464109421
2019-12-24,0.0,0.16375219821929932
2019-12-26,0.0,0.1664607971906662
2019-12-27,0.0,0.1833120733499527
2019-12-30,0.0,0.08072412759065628
2019-12-31,0.0,0.08494005352258682
2020-01-02,0.0,0.08150997012853622
2020-01-03,0.0,0.08432761579751968
2020-01-06,0.0,0.07833074778318405
2020-01-07,0.0,0.07864072173833847
2020-01-08,0.0,0.08528776466846466
2020-01-09,0.0,0.09178441762924194
2020-01-10,0.0,0.125253364443779
2020-01-13,0.0,0.10641362518072128
2020-01-14,0.0,0.0970294401049614
2020-01-15,0.0,0.10767436027526855
2020-01-16,0.0,0.11085037142038345
2020-01-17,0.0,0.11585453897714615
2020-01-21,0.0,0.1210382729768753
2020-01-22,0.0,0.11072199046611786
2020-01-23,0.0,0.1141781434416771
2020-01-24,0.0,0.1376371830701828
2020-01-27,0.0,0.15935911238193512
2020-01-28,0.0,0.16097617149353027
2020-01-29,0.0,0.15611843764781952
2020-01-30,0.0,0.1723865568637848
2020-01-31,0.0,0.19191987812519073
2020-02-03,0.0,0.10107465088367462
2020-02-04,0.0,0.10274522751569748
2020-02-05,0.0,0.10657455027103424
2020-02-06,0.0,0.10634734481573105
2020-02-07,0.0,0.08798731863498688
2020-02-10,0.0,0.07529933750629425
2020-02-11,0.0,0.0888991579413414
2020-02-12,0.0,0.09608914703130722
2020-02-13,0.0,0.08583816885948181
2020-02-14,0.0,0.10147049278020859
2020-02-18,0.0,0.102268286049366
2020-02-19,0.0,0.08890018612146378
2020-02-20,0.0,0.10321016609668732
2020-02-21,1.0,0.10791270434856415
2020-02-24,1.0,0.24857297539710999
2020-02-25,0.0,0.2520570755004883
2020-02-26,1.0,0.2955426573753357
2020-02-27,0.0,0.5514165163040161
2020-02-28,0.0,0.6180558800697327
2020-03-02,1.0,0.23156937956809998
2020-03-03,0.0,0.4156995415687561
2020-03-04,1.0,0.2350568175315857
2020-03-05,0.0,0.43253615498542786
2020-03-06,1.0,0.48071399331092834
2020-03-09,0.0,0.7645519971847534
2020-03-10,1.0,0.7053027153015137
2020-03-11,1.0,0.7731297612190247
2020-03-12,0.0,0.6621037125587463
2020-03-13,1.0,0.7694790959358215
2020-03-16,0.0,0.7311389446258545
2020-03-17,1.0,0.746271550655365
2020-03-18,0.0,0.7605741620063782
2020-03-19,1.0,0.7836779356002808
2020-03-20,1.0,0.6961600184440613
2020-03-23,0.0,0.7426731586456299
2020-03-24,0.0,0.8267313241958618
2020-03-25,0.0,0.7749228477478027
2020-03-26,1.0,0.8045789003372192
2020-03-27,0.0,0.8074803352355957
2020-03-30,0.0,0.6506150960922241
2020-03-31,1.0,0.6672368049621582
2020-04-01,0.0,0.8237081170082092
2020-04-02,0.0,0.6804631352424622
2020-04-03,0.0,0.746874988079071
2020-04-06,0.0,0.5282973647117615
2020-04-07,0.0,0.6091604828834534
2020-04-08,0.0,0.5429381728172302
2020-04-09,0.0,0.42525219917297363
2020-04-13,0.0,0.4552496075630188
2020-04-14,1.0,0.32473137974739075
2020-04-15,0.0,0.4500153660774231
2020-04-16,0.0,0.45342034101486206
2020-04-17,0.0,0.3542422950267792
2020-04-20,1.0,0.48339328169822693
2020-04-21,0.0,0.5442718267440796
2020-04-22,0.0,0.35641852021217346
2020-04-23,0.0,0.421996146440506
2020-04-24,0.0,0.4308064579963684
2020-04-27,0.0,0.4029843807220459
2020-04-28,0.0,0.4341740906238556
2020-04-29,0.0,0.3226054012775421
2020-04-30,1.0,0.37047797441482544
2020-05-01,0.0,0.48102277517318726
2020-05-04,0.0,0.3966408371925354
2020-05-05,0.0,0.43261396884918213
2020-05-06,0.0,0.42948904633522034
2020-05-07,0.0,0.3546789288520813
2020-05-08,0.0,0.32337382435798645
2020-05-11,1.0,0.3683438301086426
2020-05-12,0.0,0.45165225863456726
2020-05-13,0.0,0.5313330292701721
2020-05-14,0.0,0.431186705827713
2020-05-15,0.0,0.4377431273460388
2020-05-18,0.0,0.30362191796302795
2020-05-19,0.0,0.32768866419792175
2020-05-20,0.0,0.26716312766075134
2020-05-21,0.0,0.33623600006103516
2020-05-22,0.0,0.3721117675304413
2020-05-26,0.0,0.2702622413635254
2020-05-27,0.0,0.2690255641937256
2020-05-28,0.0,0.2563949227333069
2020-05-29,0.0,0.28244146704673767
2020-06-01,0.0,0.2447522133588791
2020-06-02,0.0,0.2036058008670807
2020-06-03,0.0,0.15809118747711182
2020-06-04,0.0,0.28750017285346985
2020-06-05,0.0,0.17392612993717194
2020-06-08,0.0,0.17639397084712982
2020-06-09,0.0,0.15599068999290466
2020-06-10,1.0,0.2462664097547531
2020-06-11,0.0,0.45139047503471375
2020-06-12,0.0,0.24996724724769592
2020-06-15,0.0,0.3312639892101288
2020-06-16,0.0,0.2151249498128891
2020-06-17,0.0,0.19955210387706757
2020-06-18,0.0,0.25531160831451416
2020-06-19,0.0,0.37635931372642517
2020-06-22,0.0,0.27455249428749084
2020-06-23,1.0,0.2196817249059677
2020-06-24,0.0,0.3529726266860962
2020-06-25,1.0,0.3256005048751831
2020-06-26,0.0,0.39912283420562744
2020-06-29,0.0,0.26339781284332275
2020-06-30,0.0,0.1989157795906067
2020-07-01,0.0,0.1903715580701828
2020-07-02,0.0,0.21445977687835693
2020-07-06,0.0,0.16507504880428314
2020-07-07,0.0,0.20308920741081238
2020-07-08,0.0,0.21259063482284546
2020-07-09,0.0,0.21223866939544678
2020-07-10,0.0,0.20339782536029816
2020-07-13,0.0,0.19689325988292694
2020-07-14,0.0,0.20014120638370514
2020-07-15,0.0,0.15936826169490814
2020-07-16,0.0,0.19836808741092682
2020-07-17,0.0,0.18931865692138672
2020-07-20,0.0,0.15485158562660217
2020-07-21,0.0,0.1464872509241104
2020-07-22,0.0,0.15364134311676025
2020-07-23,0.0,0.19897572696208954
2020-07-24,0.0,0.22494302690029144
2020-07-27,0.0,0.21305899322032928
2020-07-28,0.0,0.2032259851694107
2020-07-29,0.0,0.17299535870552063
2020-07-30,0.0,0.20551638305187225
2020-07-31,0.0,0.17777691781520844
2020-08-03,0.0,0.15982256829738617
2020-08-04,0.0,0.14512133598327637
2020-08-05,0.0,0.14856891334056854
2020-08-06,0.0,0.14133724570274353
2020-08-07,0.0,0.15309254825115204
2020-08-10,0.0,0.14299875497817993
2020-08-11,0.0,0.1401575356721878
2020-08-12,0.0,0.13380959630012512
2020-08-13,0.0,0.1296055018901825
2020-08-14,0.0,0.14925391972064972
2020-08-17,0.0,0.12638160586357117
2020-08-18,0.0,0.11894208192825317
2020-08-19,0.0,0.12515953183174133
2020-08-20,0.0,0.13503338396549225
2020-08-21,0.0,0.14928898215293884
2020-08-24,0.0,0.12324762344360352
2020-08-25,0.0,0.12668205797672272
2020-08-26,0.0,0.11632570624351501
2020-08-27,0.0,0.12323945760726929
2020-08-28,0.0,0.14007918536663055
2020-08-31,0.0,0.11259588599205017
2020-09-01,0.0,0.10131596028804779
2020-09-02,1.0,0.13467088341712952
2020-09-03,0.0,0.19927455484867096
2020-09-04,1.0,0.1771903783082962
2020-09-08,0.0,0.25896793603897095
2020-09-09,0.0,0.19468940794467926
2020-09-10,0.0,0.2229655534029007
2020-09-11,0.0,0.24671180546283722
2020-09-14,0.0,0.2018788605928421
2020-09-15,0.0,0.19788973033428192
2020-09-16,0.0,0.19674129784107208
2020-09-17,0.0,0.299669474363327
2020-09-18,0.0,0.36969009041786194
2020-09-21,0.0,0.3426992893218994
2020-09-22,1.0,0.2847217321395874
2020-09-23,0.0,0.30842313170433044
2020-09-24,0.0,0.2723461985588074
2020-09-25,0.0,0.24124006927013397
2020-09-28,0.0,0.19648952782154083
2020-09-29,0.0,0.22248579561710358
2020-09-30,0.0,0.2064347267150879
2020-10-01,0.0,0.20612329244613647
2020-10-02,0.0,0.23088812828063965
2020-10-05,0.0,0.17465129494667053
2020-10-06,0.0,0.18529628217220306
2020-10-07,0.0,0.15426412224769592
2020-10-08,0.0,0.17495636641979218
2020-10-09,0.0,0.15855400264263153
2020-10-12,0.0,0.14916090667247772
2020-10-13,0.0,0.15555571019649506
2020-10-14,0.0,0.15946538746356964
2020-10-15,0.0,0.18788361549377441
2020-10-16,0.0,0.15745951235294342
2020-10-19,0.0,0.2681743800640106
2020-10-20,0.0,0.2426403909921646
2020-10-21,0.0,0.25164493918418884
2020-10-22,0.0,0.23123866319656372
2020-10-23,0.0,0.2160787135362625
2020-10-26,0.0,0.2978196144104004
2020-10-27,1.0,0.28831854462623596
2020-10-28,0.0,0.3395921289920807
2020-10-29,0.0,0.3301538825035095
2020-10-30,0.0,0.28993692994117737
2020-11-02,0.0,0.281610906124115
2020-11-03,0.0,0.24105776846408844
2020-11-04,0.0,0.14662237465381622
2020-11-05,0.0,0.1464313119649887
2020-11-06,0.0,0.1882782280445099
2020-11-09,0.0,0.1703433245420456
2020-11-10,0.0,0.136346235871315
2020-11-11,0.0,0.11361433565616608
2020-11-12,0.0,0.16034899652004242
2020-11-13,0.0,0.13650289177894592
2020-11-16,0.0,0.11065232008695602
2020-11-17,0.0,0.13321568071842194
2020-11-18,0.0,0.15090332925319672
2020-11-19,0.0,0.1519479751586914
2020-11-20,0.0,0.1670783907175064
2020-11-23,0.0,0.15131279826164246
2020-11-24,0.0,0.1310085654258728
2020-11-25,0.0,0.11690358072519302
2020-11-27,0.0,0.1589849293231964
2020-11-30,0.0,0.1078047901391983
2020-12-01,0.0,0.0798591822385788
2020-12-02,0.0,0.08179693669080734
2020-12-03,0.0,0.08395708352327347
2020-12-04,0.0,0.08829076588153839
2020-12-07,0.0,0.07647983729839325
2020-12-08,0.0,0.07302070409059525
2020-12-09,0.0,0.08708353340625763
2020-12-10,0.0,0.0919947698712349
2020-12-11,0.0,0.11259856820106506
2020-12-14,0.0,0.10469357669353485
2020-12-15,0.0,0.10019136965274811
2020-12-16,0.0,0.12085038423538208
2020-12-17,0.0,0.12396610528230667
2020-12-18,0.0,0.14464597404003143
2020-12-21,0.0,0.10338950157165527
2020-12-22,0.0,0.09736807644367218
2020-12-23,0.0,0.10624741017818451
2020-12-24,0.0,0.15939193964004517
2020-12-28,0.0,0.11000848561525345
2020-12-29,0.0,0.12190086394548416
2020-12-30,0.0,0.12396830320358276
2020-12-31,0.0,0.1237737163901329
2021-01-04,0.0,0.0966060534119606
2021-01-05,0.0,0.1008879616856575
2021-01-06,0.0,0.08735611289739609
2021-01-07,0.0,0.07214943319559097
2021-01-08,0.0,0.07767695933580399
2021-01-11,0.0,0.08089030534029007
2021-01-12,0.0,0.07443763315677643
2021-01-13,0.0,0.07464130967855453
2021-01-14,0.0,0.08961386978626251
2021-01-15,0.0,0.10795722156763077
2021-01-19,0.0,0.08486960828304291
2021-01-20,0.0,0.08137912303209305
2021-01-21,0.0,0.06881875544786453
2021-01-22,0.0,0.08346761018037796
2021-01-25,0.0,0.17112009227275848
2021-01-26,1.0,0.08449214696884155
2021-01-27,0.0,0.1781327873468399
2021-01-28,0.0,0.10848455131053925
2021-01-29,0.0,0.21465608477592468
2021-02-01,0.0,0.10950301587581635
2021-02-02,0.0,0.0959303081035614
2021-02-03,0.0,0.12008503079414368
2021-02-04,0.0,0.10574851930141449
2021-02-05,0.0,0.10067307949066162
2021-02-08,0.0,0.09587197005748749
2021-02-09,0.0,0.09639390558004379
2021-02-10,0.0,0.10146931558847427
2021-02-11,0.0,0.11091972887516022
2021-02-12,0.0,0.11736087501049042
2021-02-16,0.0,0.09211879223585129
2021-02-17,0.0,0.09971702098846436
2021-02-18,0.0,0.0937984436750412
2021-02-19,0.0,0.10081809759140015
2021-02-22,0.0,0.09741074591875076
2021-02-23,0.0,0.1539422571659088
2021-02-24,1.0,0.1318393349647522
2021-02-25,0.0,0.3118530511856079
2021-02-26,0.0,0.1639513522386551
2021-03-01,0.0,0.13680961728096008
2021-03-02,0.0,0.1675526350736618
2021-03-03,0.0,0.19733811914920807
2021-03-04,0.0,0.28980332612991333
2021-03-05,0.0,0.2053249478340149
2021-03-08,0.0,0.1630803942680359
2021-03-09,0.0,0.13936300575733185
2021-03-10,0.0,0.12945687770843506
2021-03-11,0.0,0.10118908435106277
2021-03-12,0.0,0.1362932175397873
2021-03-15,0.0,0.12053576111793518
2021-03-16,0.0,0.11835552752017975
2021-03-17,0.0,0.1134239211678505
2021-03-18,0.0,0.14811918139457703
2021-03-19,0.0,0.18668042123317719
2021-03-22,0.0,0.16319534182548523
2021-03-23,0.0,0.14543823897838593
2021-03-24,0.0,0.14406387507915497
2021-03-25,0.0,0.14055238664150238
2021-03-26,0.0,0.10821690410375595
2021-03-29,0.0,0.11748279631137848
2021-03-30,0.0,0.1231142058968544
2021-03-31,0.0,0.11987803131341934
2021-04-01,0.0,0.11007056385278702
2021-04-05,0.0,0.11832474172115326
2021-04-06,0.0,0.12581892311573029
2021-04-07,0.0,0.12324855476617813
2021-04-08,0.0,0.11389985680580139
2021-04-09,0.0,0.13513021171092987
2021-04-12,0.0,0.14721590280532837
2021-04-13,0.0,0.12870028614997864
2021-04-14,0.0,0.1209128126502037
2021-04-15,0.0,0.11712109297513962
2021-04-16,0.0,0.12137923389673233
2021-04-19,0.0,0.12467377632856369
2021-04-20,0.0,0.11273620277643204
2021-04-21,0.0,0.1323108822107315
2021-04-22,0.0,0.1187344491481781
2021-04-23,0.0,0.1224316880106926
2021-04-26,0.0,0.13696354627609253
2021-04-27,0.0,0.14143763482570648
2021-04-28,0.0,0.15406470000743866
2021-04-29,0.0,0.1263865977525711
2021-04-30,0.0,0.1397138386964798
2021-05-03,0.0,0.14230285584926605
2021-05-04,0.0,0.1553771048784256
2021-05-05,0.0,0.18951044976711273
2021-05-06,0.0,0.1435973048210144
2021-05-07,0.0,0.14641346037387848
2021-05-10,0.0,0.1308700144290924
2021-05-11,1.0,0.14938519895076752
2021-05-12,0.0,0.21974363923072815
2021-05-13,0.0,0.18849338591098785
2021-05-14,0.0,0.15460549294948578
2021-05-17,0.0,0.157596617937088
2021-05-18,0.0,0.15460309386253357
2021-05-19,0.0,0.1833668351173401
2021-05-20,0.0,0.1415456086397171
2021-05-21,0.0,0.14878685772418976
2021-05-24,0.0,0.1517896056175232
2021-05-25,0.0,0.15146507322788239
2021-05-26,0.0,0.12809744477272034
2021-05-27,0.0,0.17373794317245483
2021-05-28,0.0,0.12276940792798996
2021-06-01,0.0,0.13070768117904663
2021-06-02,0.0,0.11303894966840744
2021-06-03,0.0,0.11117859184741974
2021-06-04,0.0,0.13331003487110138
2021-06-07,0.0,0.1329813450574875
2021-06-08,0.0,0.13449513912200928
2021-06-09,0.0,0.12568840384483337
2021-06-10,0.0,0.11272329837083817
2021-06-11,0.0,0.133950337767601
2021-06-14,0.0,0.1522071212530136
2021-06-15,0.0,0.13655872642993927
2021-06-16,0.0,0.15429331362247467
2021-06-17,0.0,0.1466429978609085
2021-06-18,0.0,0.2229066789150238
2021-06-21,0.0,0.1549731194972992
2021-06-22,0.0,0.1382971704006195
2021-06-23,0.0,0.14571145176887512
2021-06-24,0.0,0.1510377824306488
2021-06-25,0.0,0.15786731243133545
2021-06-28,0.0,0.13993237912654877
2021-06-29,0.0,0.12373723089694977
2021-06-30,0.0,0.12358000874519348
2021-07-01,0.0,0.12438284605741501
2021-07-02,0.0,0.1623966544866562
2021-07-06,0.0,0.1268274486064911
2021-07-07,0.0,0.1180257573723793
2021-07-08,0.0,0.11296966671943665
2021-07-09,0.0,0.13684944808483124
2021-07-12,0.0,0.1639127880334854
2021-07-13,0.0,0.16642291843891144
2021-07-14,0.0,0.15706253051757812
2021-07-15,0.0,0.16449084877967834
2021-07-16,0.0,0.14425818622112274
2021-07-19,0.0,0.23657116293907166
2021-07-20,0.0,0.18953266739845276
2021-07-21,0.0,0.1548408567905426
2021-07-22,0.0,0.15664583444595337
2021-07-23,0.0,0.1278999298810959
2021-07-26,0.0,0.1310897320508957
2021-07-27,0.0,0.13375453650951385
2021-07-28,0.0,0.11876384913921356
2021-07-29,0.0,0.1263994425535202
2021-07-30,0.0,0.13145458698272705
2021-08-02,0.0,0.12849830090999603
2021-08-03,0.0,0.1291658580303192
2021-08-04,0.0,0.10999074578285217
2021-08-05,0.0,0.12426598370075226
2021-08-06,0.0,0.12981851398944855
2021-08-09,0.0,0.1341867297887802
2021-08-10,0.0,0.13812445104122162
2021-08-11,0.0,0.12626440823078156
2021-08-12,0.0,0.14148129522800446
2021-08-13,0.0,0.15999072790145874
2021-08-16,0.0,0.13106927275657654
2021-08-17,0.0,0.12766394019126892
2021-08-18,0.0,0.13686072826385498
2021-08-19,0.0,0.13860078155994415
2021-08-20,0.0,0.15203753113746643
2021-08-23,0.0,0.14921027421951294
2021-08-24,0.0,0.14238689839839935
2021-08-25,0.0,0.14305448532104492
2021-08-26,0.0,0.14916548132896423
2021-08-27,0.0,0.1750262826681137
2021-08-30,0.0,0.15776269137859344
2021-08-31,0.0,0.11960657685995102
2021-09-01,0.0,0.10506021231412888
2021-09-02,0.0,0.12239670753479004
2021-09-03,0.0,0.15394777059555054
2021-09-07,0.0,0.14096584916114807
2021-09-08,0.0,0.13425321877002716
2021-09-09,0.0,0.13240134716033936
2021-09-10,0.0,0.14125992357730865
2021-09-13,0.0,0.1443902850151062
2021-09-14,0.0,0.13758283853530884
2021-09-15,0.0,0.16668708622455597
2021-09-16,0.0,0.20064380764961243
2021-09-17,0.0,0.26447561383247375
2021-09-20,0.0,0.215284526348114
2021-09-21,0.0,0.1873776912689209
2021-09-22,0.0,0.18120063841342926
2021-09-23,0.0,0.1897667944431305
2021-09-24,0.0,0.18422596156597137
2021-09-27,1.0,0.19049303233623505
2021-09-28,0.0,0.23002614080905914
2021-09-29,0.0,0.19257833063602448
2021-09-30,0.0,0.20193329453468323
2021-10-01,0.0,0.22488759458065033
2021-10-04,0.0,0.22514791786670685
2021-10-05,0.0,0.18928886950016022
2021-10-06,0.0,0.20033623278141022
2021-10-07,0.0,0.16036096215248108
2021-10-08,0.0,0.1631971150636673
2021-10-11,0.0,0.20138932764530182
2021-10-12,0.0,0.1761118769645691
2021-10-13,0.0,0.16423745453357697
2021-10-14,0.0,0.15097345411777496
2021-10-15,0.0,0.16592572629451752
2021-10-18,0.0,0.13911329209804535
2021-10-19,0.0,0.13765454292297363
2021-10-20,0.0,0.14670182764530182
2021-10-21,0.0,0.14954246580600739
2021-10-22,0.0,0.15403886139392853
2021-10-25,0.0,0.1386566311120987
2021-10-26,0.0,0.1333984136581421
2021-10-27,0.0,0.12787093222141266
2021-10-28,0.0,0.11022095382213593
2021-10-29,0.0,0.11236877739429474
2021-11-01,0.0,0.14089062809944153
2021-11-02,0.0,0.13936752080917358
2021-11-03,0.0,0.1225527748465538
2021-11-04,0.0,0.11560042947530746
2021-11-05,0.0,0.12645135819911957
2021-11-08,0.0,0.10694524645805359
2021-11-09,0.0,0.11497072130441666
2021-11-10,0.0,0.12190419435501099
2021-11-11,0.0,0.13438419997692108
2021-11-12,0.0,0.14381083846092224
2021-11-15,0.0,0.1469668745994568
2021-11-16,0.0,0.12381185591220856
2021-11-17,0.0,0.11141007393598557
2021-11-18,0.0,0.11970018595457077
2021-11-19,0.0,0.1396307349205017
2021-11-22,0.0,0.1357087939977646
2021-11-23,0.0,0.1246190071105957
2021-11-24,1.0,0.1291377693414688
2021-11-26,0.0,0.2114008218050003
2021-11-29,0.0,0.1435590237379074
2021-11-30,0.0,0.27574554085731506
2021-12-01,0.0,0.23586978018283844
2021-12-02,0.0,0.1990954726934433
2021-12-03,0.0,0.20205828547477722
2021-12-06,0.0,0.16984593868255615
2021-12-07,0.0,0.13803082704544067
2021-12-08,0.0,0.149236798286438
2021-12-09,0.0,0.15232785046100616
2021-12-10,0.0,0.15427760779857635
2021-12-13,0.0,0.14433406293392181
2021-12-14,0.0,0.1729026883840561
2021-12-15,0.0,0.1640513837337494
2021-12-16,0.0,0.2135564237833023
2021-12-17,0.0,0.22553950548171997
2021-12-20,0.0,0.23026227951049805
2021-12-21,0.0,0.1739247739315033
2021-12-22,0.0,0.16788232326507568
2021-12-23,0.0,0.17765654623508453
2021-12-27,0.0,0.18241436779499054
2021-12-28,0.0,0.19617880880832672
2021-12-29,0.0,0.17260123789310455
2021-12-30,0.0,0.17369848489761353
2021-12-31,0.0,0.19646050035953522
2022-01-03,0.0,0.11909397691488266
2022-01-04,0.0,0.10771215707063675
2022-01-05,0.0,0.17866250872612
2022-01-06,0.0,0.16644957661628723
2022-01-07,0.0,0.17216354608535767
2022-01-10,0.0,0.21374566853046417
2022-01-11,0.0,0.15217596292495728
2022-01-12,0.0,0.1535327434539795
2022-01-13,0.0,0.190047025680542
2022-01-14,0.0,0.1654437929391861
2022-01-18,0.0,0.24292054772377014
2022-01-19,0.0,0.24419371783733368
2022-01-20,0.0,0.31582722067832947
2022-01-21,0.0,0.37459999322891235
2022-01-24,0.0,0.39488789439201355
2022-01-25,0.0,0.34119758009910583
2022-01-26,0.0,0.3551243543624878
2022-01-27,0.0,0.35541051626205444
2022-01-28,0.0,0.27288106083869934
2022-01-31,0.0,0.18538475036621094
2022-02-01,0.0,0.22088207304477692
2022-02-02,1.0,0.17539916932582855
2022-02-03,0.0,0.2746836245059967
2022-02-04,0.0,0.286946564912796
2022-02-07,0.0,0.2244436889886856
2022-02-08,0.0,0.20226988196372986
2022-02-09,0.0,0.15954355895519257
2022-02-10,0.0,0.24842745065689087
2022-02-11,0.0,0.29737475514411926
2022-02-14,0.0,0.2624082863330841
2022-02-15,0.0,0.2453385591506958
2022-02-16,1.0,0.26135095953941345
2022-02-17,0.0,0.38329195976257324
2022-02-18,0.0,0.48757994174957275
2022-02-22,0.0,0.3871597349643707
2022-02-23,0.0,0.4165327548980713
2022-02-24,0.0,0.5000007152557373
2022-02-25,0.0,0.35703960061073303
2022-02-28,0.0,0.3330886662006378
2022-03-01,0.0,0.344653457403183
2022-03-02,0.0,0.3413364887237549
2022-03-03,0.0,0.3845199942588806
2022-03-04,1.0,0.49571239948272705
2022-03-07,0.0,0.5104370713233948
2022-03-08,0.0,0.5506859421730042
2022-03-09,0.0,0.4389103055000305
2022-03-10,0.0,0.44216594099998474
2022-03-11,0.0,0.49584296345710754
2022-03-14,0.0,0.4641109108924866
2022-03-15,0.0,0.44710588455200195
2022-03-16,0.0,0.34093281626701355
2022-03-17,0.0,0.3525945544242859
2022-03-18,0.0,0.31900814175605774
2022-03-21,0.0,0.3593936860561371
2022-03-22,0.0,0.23300451040267944
2022-03-23,0.0,0.30986759066581726
2022-03-24,0.0,0.23590241372585297
2022-03-25,0.0,0.24067622423171997
2022-03-28,0.0,0.22776329517364502
2022-03-29,0.0,0.14278915524482727
2022-03-30,0.0,0.19746309518814087
2022-03-31,0.0,0.333560049533844
2022-04-01,0.0,0.2881569266319275
2022-04-04,0.0,0.2018670290708542
2022-04-05,0.0,0.3459608554840088
2022-04-06,0.0,0.34455540776252747
2022-04-07,0.0,0.3042743504047394
2022-04-08,0.0,0.2923160791397095
2022-04-11,0.0,0.36927106976509094
2022-04-12,0.0,0.3731880784034729
2022-04-13,0.0,0.2966711223125458
2022-04-14,0.0,0.37244683504104614
2022-04-18,0.0,0.37869447469711304
2022-04-19,0.0,0.28972434997558594
2022-04-20,0.0,0.30203360319137573
2022-04-21,1.0,0.4696589708328247
2022-04-22,0.0,0.5571376085281372
2022-04-25,1.0,0.5138005614280701
2022-04-26,0.0,0.6679565906524658
2022-04-27,0.0,0.5519655346870422
2022-04-28,1.0,0.504491925239563
2022-04-29,0.0,0.6849024891853333
2022-05-02,0.0,0.579336941242218
2022-05-03,0.0,0.5438040494918823
2022-05-04,1.0,0.4335535764694214
2022-05-05,0.0,0.6441479921340942
2022-05-06,1.0,0.6596567630767822
2022-05-09,0.0,0.7635477781295776
2022-05-10,0.0,0.7809181809425354
2022-05-11,0.0,0.8305512070655823
2022-05-12,0.0,0.8396657705307007
2022-05-13,0.0,0.7109623551368713
2022-05-16,0.0,0.7699518203735352
2022-05-17,1.0,0.6841444969177246
2022-05-18,0.0,0.8257316946983337
2022-05-19,0.0,0.8353038430213928
2022-05-20,0.0,0.7814523577690125
2022-05-23,0.0,0.7261735796928406
2022-05-24,0.0,0.8471769690513611
2022-05-25,0.0,0.7395794987678528
2022-05-26,0.0,0.589015007019043
2022-05-27,0.0,0.5469017028808594
2022-05-31,0.0,0.5720821619033813
2022-06-01,0.0,0.5541391968727112
2022-06-02,0.0,0.40826910734176636
2022-06-03,0.0,0.5249409079551697
2022-06-06,0.0,0.4411415457725525
2022-06-07,0.0,0.4380006790161133
2022-06-08,1.0,0.5077622532844543
2022-06-09,1.0,0.7358690500259399
2022-06-10,1.0,0.6925367116928101
2022-06-13,0.0,0.7933835983276367
2022-06-14,0.0,0.7773777842521667
2022-06-15,1.0,0.8348968625068665
2022-06-16,0.0,0.8224470019340515
2022-06-17,0.0,0.8265562057495117
2022-06-21,0.0,0.8416383862495422
2022-06-22,0.0,0.839810311794281
2022-06-23,0.0,0.7905410528182983
2022-06-24,0.0,0.8172264695167542
2022-06-27,1.0,0.7298622727394104
2022-06-28,0.0,0.7583787441253662
2022-06-29,0.0,0.7798842191696167
2022-06-30,0.0,0.7962534427642822
2022-07-01,0.0,0.7515105605125427
2022-07-05,0.0,0.7570191621780396
2022-07-06,0.0,0.7340366840362549
2022-07-07,0.0,0.6662258505821228
2022-07-08,0.0,0.6672879457473755
2022-07-11,0.0,0.6892004013061523
2022-07-12,0.0,0.6843979358673096
2022-07-13,0.0,0.7191800475120544
2022-07-14,0.0,0.7491261959075928
2022-07-15,0.0,0.668972909450531
2022-07-18,0.0,0.7059366106987
2022-07-19,0.0,0.6325437426567078
2022-07-20,0.0,0.5882620811462402
2022-07-21,0.0,0.5720586776733398
2022-07-22,0.0,0.5880765318870544
2022-07-25,0.0,0.6214002966880798
2022-07-26,0.0,0.6072348356246948
2022-07-27,0.0,0.547261118888855
2022-07-28,0.0,0.5123368501663208
2022-07-29,0.0,0.5166183710098267
2022-08-01,0.0,0.49190905690193176
2022-08-02,0.0,0.5248735547065735
2022-08-03,0.0,0.4562303125858307
2022-08-04,0.0,0.4418349266052246
2022-08-05,0.0,0.48936688899993896
2022-08-08,0.0,0.4486125707626343
2022-08-09,0.0,0.4863605201244354
2022-08-10,0.0,0.3631233870983124
2022-08-11,0.0,0.41386401653289795
2022-08-12,0.0,0.33113399147987366
2022-08-15,0.0,0.31006038188934326
2022-08-16,0.0,0.3275943696498871
2022-08-17,0.0,0.3270460367202759
2022-08-18,0.0,0.33038830757141113
2022-08-19,1.0,0.36545631289482117
2022-08-22,0.0,0.4393559396266937
2022-08-23,0.0,0.42581161856651306
2022-08-24,0.0,0.49499937891960144
2022-08-25,1.0,0.42143839597702026
2022-08-26,0.0,0.5697717666625977
2022-08-29,0.0,0.54802405834198
2022-08-30,0.0,0.5593287348747253
2022-08-31,0.0,0.5864128470420837
2022-09-01,0.0,0.5966494679450989
2022-09-02,0.0,0.626265823841095
2022-09-06,0.0,0.6101459264755249
2022-09-07,0.0,0.5893716216087341
2022-09-08,0.0,0.5519633889198303
2022-09-09,0.0,0.5298852324485779
2022-09-12,1.0,0.4610717296600342
2022-09-13,0.0,0.6062459945678711
2022-09-14,0.0,0.5937749147415161
2022-09-15,0.0,0.6499330997467041
2022-09-16,0.0,0.6625657081604004
2022-09-19,0.0,0.6064755320549011
2022-09-20,0.0,0.6086360812187195
2022-09-21,0.0,0.6344309449195862
2022-09-22,0.0,0.6658463478088379
2022-09-23,0.0,0.667259931564331
2022-09-26,0.0,0.7416481971740723
2022-09-27,0.0,0.7371004223823547
2022-09-28,1.0,0.6703450083732605
2022-09-29,0.0,0.7074954509735107
2022-09-30,0.0,0.7213415503501892
2022-10-03,0.0,0.6902087926864624
2022-10-04,0.0,0.6704671382904053
2022-10-05,0.0,0.6283655166625977
2022-10-06,1.0,0.6662595868110657
2022-10-07,0.0,0.7035215497016907
2022-10-10,0.0,0.719484806060791
2022-10-11,0.0,0.7371098399162292
2022-10-12,0.0,0.7480712532997131
2022-10-13,1.0,0.7330653071403503
2022-10-14,0.0,0.7444050908088684
2022-10-17,0.0,0.6957014203071594
2022-10-18,0.0,0.6641862988471985
2022-10-19,0.0,0.6899121999740601
2022-10-20,0.0,0.7061807513237
2022-10-21,0.0,0.6695018410682678
2022-10-24,0.0,0.6152788996696472
2022-10-25,0.0,0.5773153901100159
2022-10-26,0.0,0.5973549485206604
2022-10-27,0.0,0.610042154788971
2022-10-28,0.0,0.5767697095870972
2022-10-31,0.0,0.58124178647995
2022-11-01,1.0,0.5519957542419434
2022-11-02,0.0,0.6131466031074524
2022-11-03,0.0,0.6571810245513916
2022-11-04,0.0,0.6124329566955566
2022-11-07,0.0,0.567241370677948
2022-11-08,1.0,0.5696871280670166
2022-11-09,0.0,0.6273709535598755
2022-11-10,0.0,0.5208337903022766
2022-11-11,0.0,0.5178008675575256
2022-11-14,0.0,0.4873005449771881
2022-11-15,0.0,0.5049940347671509
2022-11-16,0.0,0.5171759724617004
2022-11-17,0.0,0.5376597046852112
2022-11-18,0.0,0.49655061960220337
2022-11-21,0.0,0.44681763648986816
2022-11-22,0.0,0.4043048024177551
2022-11-23,0.0,0.44538986682891846
2022-11-25,0.0,0.5075163245201111
2022-11-28,0.0,0.4983186721801758
2022-11-29,0.0,0.3981998860836029
2022-11-30,0.0,0.49361130595207214
2022-12-01,0.0,0.3823903799057007
2022-12-02,0.0,0.3767761290073395
2022-12-05,0.0,0.4224887490272522
2022-12-06,0.0,0.4453919529914856
2022-12-07,0.0,0.45294538140296936
2022-12-08,0.0,0.40184786915779114
2022-12-09,0.0,0.4744737148284912
2022-12-12,0.0,0.35617923736572266
2022-12-13,0.0,0.37187838554382324
2022-12-14,1.0,0.45449236035346985
2022-12-15,0.0,0.5644323229789734
2022-12-16,0.0,0.6194272041320801
2022-12-19,0.0,0.5700680017471313
2022-12-20,0.0,0.558338463306427
2022-12-21,0.0,0.4716804325580597
2022-12-22,0.0,0.5800586342811584
2022-12-23,0.0,0.5330246090888977
2022-12-27,0.0,0.5692024230957031
2022-12-28,0.0,0.5518617033958435
2022-12-29,0.0,0.5311740636825562
2022-12-30,0.0,0.5811988711357117
2023-01-03,0.0,0.4585871398448944
2023-01-04,0.0,0.44240203499794006
2023-01-05,0.0,0.4890437126159668
2023-01-06,0.0,0.3884875178337097
2023-01-09,0.0,0.3631611168384552
2023-01-10,0.0,0.34971553087234497
2023-01-11,0.0,0.3414773941040039
2023-01-12,0.0,0.3361899256706238
2023-01-13,0.0,0.311574786901474
2023-01-17,0.0,0.31924936175346375
2023-01-18,0.0,0.38618993759155273
2023-01-19,0.0,0.4077470600605011
2023-01-20,0.0,0.33837154507637024
2023-01-23,0.0,0.254229336977005
2023-01-24,0.0,0.3041541874408722
2023-01-25,0.0,0.2792998254299164
2023-01-26,0.0,0.2685268521308899
2023-01-27,0.0,0.32738643884658813
2023-01-30,0.0,0.3138061463832855
2023-01-31,0.0,0.28942957520484924
2023-02-01,0.0,0.2747248411178589
2023-02-02,0.0,0.23951447010040283
2023-02-03,0.0,0.33861449360847473
2023-02-06,0.0,0.326006144285202
2023-02-07,0.0,0.2734168469905853
2023-02-08,0.0,0.3087986409664154
2023-02-09,0.0,0.3291163742542267
2023-02-10,0.0,0.3427903652191162
2023-02-13,0.0,0.2828727662563324
2023-02-14,0.0,0.27636003494262695
2023-02-15,0.0,0.2844976484775543
2023-02-16,0.0,0.3302212357521057
2023-02-17,1.0,0.39309030771255493
2023-02-21,0.0,0.39681172370910645
2023-02-22,0.0,0.38237103819847107
2023-02-23,0.0,0.37224081158638
2023-02-24,0.0,0.4729989469051361
2023-02-27,0.0,0.4159910976886749
2023-02-28,0.0,0.43917325139045715
2023-03-01,0.0,0.4128227233886719
2023-03-02,0.0,0.3692390024662018
2023-03-03,0.0,0.32041242718696594
2023-03-06,0.0,0.28400397300720215
2023-03-07,0.0,0.399492084980011
2023-03-08,0.0,0.39435940980911255
2023-03-09,0.0,0.46512264013290405
2023-03-10,0.0,0.615734875202179
2023-03-13,0.0,0.6092639565467834
2023-03-14,0.0,0.5176102519035339
2023-03-15,0.0,0.5987999439239502
2023-03-16,0.0,0.44742220640182495
2023-03-17,0.0,0.5466581583023071
2023-03-20,0.0,0.44490522146224976
2023-03-21,0.0,0.36562681198120117
2023-03-22,0.0,0.442971408367157
2023-03-23,0.0,0.4416618049144745
2023-03-24,0.0,0.4206793010234833
2023-03-27,0.0,0.34402644634246826
2023-03-28,0.0,0.2986794114112854
2023-03-29,0.0,0.2651498317718506
2023-03-30,0.0,0.2593905031681061
2023-03-31,0.0,0.23691155016422272
2023-04-03,0.0,0.2717168629169464
2023-04-04,0.0,0.2623971402645111
2023-04-05,0.0,0.2659263610839844
2023-04-06,0.0,0.23981498181819916
2023-04-10,0.0,0.23949551582336426
2023-04-11,0.0,0.24561525881290436
2023-04-12,0.0,0.26386186480522156
2023-04-13,0.0,0.22973479330539703
2023-04-14,0.0,0.2716512084007263
2023-04-17,0.0,0.25705665349960327
2023-04-18,0.0,0.24150782823562622
2023-04-19,0.0,0.2637593746185303
2023-04-20,0.0,0.2603575587272644
2023-04-21,0.0,0.28828883171081543
2023-04-24,0.0,0.2565109133720398
2023-04-25,0.0,0.37729811668395996
2023-04-26,0.0,0.33148688077926636
2023-04-27,0.0,0.2529069781303406
2023-04-28,0.0,0.26616817712783813
2023-05-01,0.0,0.29656538367271423
2023-05-02,0.0,0.31302616000175476
2023-05-03,0.0,0.2939507067203522
2023-05-04,0.0,0.35704857110977173
2023-05-05,0.0,0.2670923173427582
2023-05-08,0.0,0.2824031114578247
2023-05-09,0.0,0.2935909628868103
2023-05-10,0.0,0.2780645489692688
2023-05-11,0.0,0.27576950192451477
2023-05-12,0.0,0.2765941321849823
2023-05-15,0.0,0.2765517830848694
2023-05-16,0.0,0.2695658802986145
2023-05-17,0.0,0.23746497929096222
2023-05-18,0.0,0.17959198355674744
2023-05-19,0.0,0.23077455163002014
2023-05-22,0.0,0.1951349526643753
2023-05-23,0.0,0.24875187873840332
2023-05-24,0.0,0.24471953511238098
2023-05-25,0.0,0.2620212733745575
2023-05-26,0.0,0.20811627805233002
2023-05-30,0.0,0.16318155825138092
2023-05-31,0.0,0.3154292702674866
2023-06-01,0.0,0.16372661292552948
2023-06-02,0.0,0.13704398274421692
2023-06-05,0.0,0.1343262940645218
2023-06-06,0.0,0.12298335134983063
2023-06-07,0.0,0.10240676254034042
2023-06-08,0.0,0.12480875104665756
2023-06-09,0.0,0.129194974899292
2023-06-12,0.0,0.11080246418714523
2023-06-13,0.0,0.10933088511228561
2023-06-14,0.0,0.12128004431724548
2023-06-15,0.0,0.13606330752372742
2023-06-16,0.0,0.12666407227516174
2023-06-20,0.0,0.11588548123836517
2023-06-21,0.0,0.16058269143104553
2023-06-22,0.0,0.15405280888080597
2023-06-23,0.0,0.20701052248477936
2023-06-26,0.0,0.13767196238040924
2023-06-27,0.0,0.14892202615737915
2023-06-28,0.0,0.13230624794960022
2023-06-29,0.0,0.14102521538734436
2023-06-30,0.0,0.18918921053409576
2023-07-03,0.0,0.26085421442985535
2023-07-05,0.0,0.161566823720932
2023-07-06,0.0,0.10867387056350708
2023-07-07,0.0,0.11040236055850983
2023-07-10,0.0,0.11224065721035004
2023-07-11,0.0,0.08206082880496979
2023-07-12,0.0,0.10853992402553558
2023-07-13,0.0,0.13283562660217285
2023-07-14,0.0,0.14671234786510468
2023-07-17,0.0,0.12142326682806015
2023-07-18,0.0,0.11916963756084442
2023-07-19,0.0,0.11106093227863312
2023-07-20,0.0,0.09223081916570663
2023-07-21,0.0,0.15367312729358673
2023-07-24,0.0,0.12081878632307053
2023-07-25,0.0,0.11952782422304153
2023-07-26,0.0,0.10637778043746948
2023-07-27,0.0,0.11367509514093399
2023-07-28,0.0,0.12198849022388458
2023-07-31,0.0,0.11711842566728592
2023-08-01,0.0,0.1219102069735527
2023-08-02,0.0,0.11031924933195114
2023-08-03,0.0,0.13216358423233032
2023-08-04,0.0,0.11905397474765778
2023-08-07,0.0,0.14222006499767303
2023-08-08,0.0,0.1326490044593811
2023-08-09,0.0,0.1375528872013092
2023-08-10,0.0,0.13847826421260834
2023-08-11,0.0,0.14652320742607117
2023-08-14,0.0,0.11002534627914429
2023-08-15,0.0,0.136748805642128
2023-08-16,0.0,0.17427761852741241
2023-08-17,0.0,0.21053530275821686
2023-08-18,0.0,0.24267935752868652
2023-08-21,0.0,0.16143369674682617
2023-08-22,0.0,0.13300162553787231
2023-08-23,0.0,0.1388215869665146
2023-08-24,0.0,0.1593284010887146
2023-08-25,0.0,0.16654255986213684
2023-08-28,0.0,0.1437695026397705
2023-08-29,0.0,0.12480184435844421
2023-08-30,0.0,0.12743312120437622
2023-08-31,0.0,0.1030130609869957
2023-09-01,0.0,0.12896966934204102
2023-09-05,0.0,0.11041738837957382
2023-09-06,0.0,0.10918637365102768
2023-09-07,0.0,0.1365329623222351
2023-09-08,0.0,0.14234226942062378
2023-09-11,0.0,0.136110320687294
2023-09-12,0.0,0.12850351631641388
2023-09-13,0.0,0.13641904294490814
2023-09-14,0.0,0.12878172099590302
2023-09-15,0.0,0.23633673787117004
2023-09-18,0.0,0.21411165595054626
2023-09-19,0.0,0.18623441457748413
2023-09-20,0.0,0.19013762474060059
2023-09-21,0.0,0.3134565055370331
2023-09-22,0.0,0.27306294441223145
2023-09-25,0.0,0.24110297858715057
2023-09-26,0.0,0.29535621404647827
2023-09-27,0.0,0.2781412601470947
2023-09-28,0.0,0.23606224358081818
2023-09-29,0.0,0.27516287565231323
2023-10-02,0.0,0.25629618763923645
2023-10-03,0.0,0.28763866424560547
2023-10-04,0.0,0.2743584215641022
2023-10-05,0.0,0.2763424813747406
2023-10-06,0.0,0.22904221713542938
2023-10-09,0.0,0.21029949188232422
2023-10-10,0.0,0.15856748819351196
2023-10-11,0.0,0.15552513301372528
2023-10-12,0.0,0.20014433562755585
2023-10-13,0.0,0.2633029818534851
2023-10-16,0.0,0.22269952297210693
2023-10-17,0.0,0.22036676108837128
2023-10-18,0.0,0.2857081890106201
2023-10-19,0.0,0.2963544726371765
2023-10-20,0.0,0.3843635618686676
2023-10-23,0.0,0.3174724876880646
2023-10-24,0.0,0.28696542978286743
2023-10-25,0.0,0.374422162771225
2023-10-26,0.0,0.4421916902065277
2023-10-27,0.0,0.45982804894447327
2023-10-30,0.0,0.36175137758255005
2023-10-31,0.0,0.32953110337257385
2023-11-01,0.0,0.2634383738040924
2023-11-02,0.0,0.19356919825077057
2023-11-03,0.0,0.1790355145931244
2023-11-06,0.0,0.18059423565864563
2023-11-07,0.0,0.17530958354473114
2023-11-08,0.0,0.18516232073307037
2023-11-09,0.0,0.2129412591457367
2023-11-10,0.0,0.17075912654399872
2023-11-13,0.0,0.1988641768693924
2023-11-14,0.0,0.10844483226537704
2023-11-15,0.0,0.09896233677864075
2023-11-16,0.0,0.10876134037971497
2023-11-17,0.0,0.12827175855636597
2023-11-20,0.0,0.11162526160478592
2023-11-21,0.0,0.11393000930547714
2023-11-22,0.0,0.12009919434785843
2023-11-24,0.0,0.17609886825084686
2023-11-27,0.0,0.11269392818212509
2023-11-28,0.0,0.08609470725059509
2023-11-29,0.0,0.08838742226362228
2023-11-30,0.0,0.10825809836387634
2023-12-01,0.0,0.08540090918540955
2023-12-04,0.0,0.08288361132144928
2023-12-05,0.0,0.09497174620628357
2023-12-06,0.0,0.09328504651784897
2023-12-07,0.0,0.09388027340173721
2023-12-08,0.0,0.10135103017091751
2023-12-11,0.0,0.08279069513082504
2023-12-12,0.0,0.07802451401948929
2023-12-13,0.0,0.08071398735046387
2023-12-14,0.0,0.09034347534179688
2023-12-15,0.0,0.1333480030298233
2023-12-18,0.0,0.08013544976711273
2023-12-19,0.0,0.08371444791555405
2023-12-20,0.0,0.07917984575033188
2023-12-21,0.0,0.0892796441912651
2023-12-22,0.0,0.09028661251068115
2023-12-26,0.0,0.1428135633468628
2023-12-27,0.0,0.12415877729654312
2023-12-28,0.0,0.12151916325092316
2023-12-29,0.0,0.10035277158021927
2024-01-02,0.0,0.06451784074306488
2024-01-03,0.0,0.06522814184427261
2024-01-04,0.0,0.084224171936512
2024-01-05,0.0,0.0806429535150528
2024-01-08,0.0,0.07879035919904709
2024-01-09,0.0,0.08915538340806961
2024-01-10,0.0,0.08059068024158478
2024-01-11,0.0,0.09430326521396637
2024-01-12,0.0,0.10296358168125153
2024-01-16,0.0,0.0991893857717514
2024-01-17,0.0,0.11295580863952637
2024-01-18,0.0,0.13508668541908264
2024-01-19,0.0,0.1213659942150116
2024-01-22,0.0,0.11018352955579758
2024-01-23,0.0,0.09017069637775421
2024-01-24,0.0,0.09141416102647781
2024-01-25,0.0,0.08960697054862976
2024-01-26,0.0,0.08839808404445648
2024-01-29,0.0,0.07516004890203476
2024-01-30,0.0,0.10631532967090607
2024-01-31,0.0,0.12071308493614197
2024-02-01,0.0,0.11170542240142822
2024-02-02,0.0,0.11625640094280243
2024-02-05,0.0,0.10588865727186203
2024-02-06,0.0,0.09137776494026184
2024-02-07,0.0,0.09955689311027527
2024-02-08,0.0,0.08605706691741943
2024-02-09,0.0,0.10009261965751648
2024-02-12,0.0,0.09265154600143433
2024-02-13,0.0,0.0891280472278595
2024-02-14,0.0,0.08482899516820908
2024-02-15,0.0,0.09166458994150162
2024-02-16,0.0,0.0939280092716217
2024-02-20,0.0,0.07207763940095901
2024-02-21,0.0,0.07887230813503265
2024-02-22,0.0,0.08719217032194138
2024-02-23,0.0,0.10834825783967972
2024-02-26,0.0,0.08870576322078705
2024-02-27,0.0,0.10242048650979996
2024-02-28,0.0,0.118702732026577
2024-02-29,0.0,0.16506189107894897
2024-03-01,0.0,0.07665299624204636
2024-03-04,0.0,0.09121260792016983
2024-03-05,0.0,0.12894883751869202
2024-03-06,0.0,0.12055737525224686
2024-03-07,0.0,0.10374041646718979
2024-03-08,0.0,0.0967010110616684
2024-03-11,0.0,0.10751158744096756
2024-03-12,0.0,0.0953938364982605
2024-03-13,0.0,0.08884238451719284
2024-03-14,0.0,0.11704039573669434
2024-03-15,0.0,0.15457765758037567
2024-03-18,0.0,0.09798982739448547
2024-03-19,0.0,0.07770218700170517
2024-03-20,0.0,0.0794193297624588
2024-03-21,0.0,0.07084140181541443
2024-03-22,0.0,0.09520241618156433
2024-03-25,0.0,0.07482155412435532
2024-03-26,0.0,0.062130194157361984
2024-03-27,0.0,0.07526153326034546
2024-03-28,0.0,0.06437656283378601
2024-04-01,0.0,0.0688379779458046
2024-04-02,0.0,0.06691447645425797
2024-04-03,0.0,0.07517340034246445
2024-04-04,0.0,0.08610011637210846
2024-04-05,0.0,0.08598673343658447
2024-04-08,0.0,0.08324860036373138
2024-04-09,0.0,0.08342377841472626
2024-04-10,0.0,0.06922447681427002
2024-04-11,0.0,0.08404866605997086
2024-04-12,0.0,0.09021292626857758
2024-04-15,0.0,0.11225062608718872
2024-04-16,0.0,0.10698217898607254
2024-04-17,0.0,0.11144325137138367
2024-04-18,0.0,0.12739288806915283
2024-04-19,0.0,0.1794799566268921
2024-04-22,0.0,0.13654330372810364
2024-04-23,0.0,0.11562509089708328
2024-04-24,0.0,0.12956614792346954
2024-04-25,0.0,0.13379019498825073
2024-04-26,0.0,0.12274367362260818
2024-04-29,0.0,0.11445116996765137
2024-04-30,0.0,0.11699341982603073
2024-05-01,0.0,0.1486666053533554
2024-05-02,0.0,0.12325814366340637
2024-05-03,0.0,0.09761859476566315
2024-05-06,0.0,0.08540280908346176
2024-05-07,0.0,0.07208377867937088
2024-05-08,0.0,0.08232716470956802
2024-05-09,0.0,0.07740434259176254
2024-05-10,0.0,0.08896651864051819
2024-05-13,0.0,0.08062537014484406
2024-05-14,0.0,0.08355452865362167
2024-05-15,0.0,0.07437651604413986
2024-05-16,0.0,0.07021913677453995
2024-05-17,0.0,0.09519343823194504
2024-05-20,0.0,0.0758969783782959
2024-05-21,0.0,0.058225587010383606
2024-05-22,0.0,0.06342802196741104
2024-05-23,0.0,0.07787679880857468
2024-05-24,0.0,0.11423292756080627
2024-05-28,0.0,0.07806643843650818
2024-05-29,0.0,0.08162236213684082
2024-05-30,0.0,0.08911258727312088
2024-05-31,0.0,0.13201366364955902
2024-06-03,0.0,0.09409352391958237
2024-06-04,0.0,0.08891764283180237
2024-06-05,0.0,0.08792464435100555
2024-06-06,0.0,0.08053408563137054
2024-06-07,0.0,0.07553496211767197
2024-06-10,0.0,0.06953413784503937
2024-06-11,0.0,0.06357309222221375
2024-06-12,0.0,0.06844055652618408
2024-06-13,0.0,0.06844654679298401
2024-06-14,0.0,0.09389080107212067
2024-06-17,0.0,0.09081689268350601
2024-06-18,0.0,0.070365771651268
2024-06-20,0.0,0.06844525039196014
2024-06-21,0.0,0.13996614515781403
2024-06-24,0.0,0.07817200571298599
2024-06-25,0.0,0.08554323017597198
2024-06-26,0.0,0.07641313225030899
2024-06-27,0.0,0.0790921151638031
2024-06-28,0.0,0.14331305027008057
2024-07-01,0.0,0.08680799603462219
2024-07-02,0.0,0.09294045716524124
2024-07-03,0.0,0.1644246131181717
2024-07-05,0.0,0.13206689059734344
2024-07-08,0.0,0.08280935883522034
2024-07-09,0.0,0.0695134848356247
2024-07-10,0.0,0.07998336106538773
2024-07-11,0.0,0.07447215169668198
2024-07-12,0.0,0.08722985535860062
2024-07-15,0.0,0.08409581333398819
2024-07-16,0.0,0.07566667348146439
2024-07-17,0.0,0.09776754677295685
2024-07-18,0.0,0.08890825510025024
2024-07-19,0.0,0.11515701562166214
2024-07-22,0.0,0.11373137682676315
2024-07-23,1.0,0.10355601459741592
2024-07-24,0.0,0.18543583154678345
2024-07-25,0.0,0.2562156319618225
2024-07-26,0.0,0.14428795874118805
2024-07-29,0.0,0.14842946827411652
2024-07-30,0.0,0.14482399821281433
2024-07-31,0.0,0.10298033803701401
2024-08-01,0.0,0.17860350012779236
2024-08-02,1.0,0.2316208779811859
2024-08-05,0.0,0.31283149123191833
2024-08-06,0.0,0.264741450548172
2024-08-07,0.0,0.3198707103729248
2024-08-08,0.0,0.19872945547103882
2024-08-09,0.0,0.21339574456214905
2024-08-12,0.0,0.1964985728263855
2024-08-13,0.0,0.14903150498867035
2024-08-14,0.0,0.1320180892944336
2024-08-15,0.0,0.12022271007299423
2024-08-16,0.0,0.12609876692295074
2024-08-19,0.0,0.10401506721973419
2024-08-20,0.0,0.10966653376817703
2024-08-21,0.0,0.12487425655126572
2024-08-22,0.0,0.13372591137886047
2024-08-23,0.0,0.1272124946117401
2024-08-26,0.0,0.11151190847158432
2024-08-27,0.0,0.13238097727298737
2024-08-28,0.0,0.14140872657299042
2024-08-29,0.0,0.13573068380355835
2024-08-30,1.0,0.1102205440402031
2024-09-03,0.0,0.17076291143894196
2024-09-04,0.0,0.14740820229053497
2024-09-05,0.0,0.14883174002170563
2024-09-06,0.0,0.2170819640159607
2024-09-09,0.0,0.18110951781272888
2024-09-10,0.0,0.14548887312412262
2024-09-11,0.0,0.11832454055547714
2024-09-12,0.0,0.11351237446069717
2024-09-13,0.0,0.11529143899679184
2024-09-16,0.0,0.10914398729801178
2024-09-17,0.0,0.11479541659355164
2024-09-18,0.0,0.13334041833877563
2024-09-19,0.0,0.09930787235498428
2024-09-20,0.0,0.17815710604190826
2024-09-23,0.0,0.1222250908613205
2024-09-24,0.0,0.10692165046930313
2024-09-25,0.0,0.1165820062160492
2024-09-26,0.0,0.10856039077043533
2024-09-27,0.0,0.1128329336643219
2024-09-30,0.0,0.10082018375396729
2024-10-01,0.0,0.09530305117368698
2024-10-02,0.0,0.12160775810480118
2024-10-03,0.0,0.12905970215797424
2024-10-04,0.0,0.12542778253555298
2024-10-07,0.0,0.1289273053407669
2024-10-08,0.0,0.11184515058994293
2024-10-09,0.0,0.09344173967838287
2024-10-10,0.0,0.10952651500701904
2024-10-11,0.0,0.11496490240097046
2024-10-14,0.0,0.11735870689153671
2024-10-15,0.0,0.08942960947751999
2024-10-16,0.0,0.10846225917339325
2024-10-17,0.0,0.10353194922208786
2024-10-18,0.0,0.11866092681884766
2024-10-21,0.0,0.11945181339979172
2024-10-22,0.0,0.10742699354887009
2024-10-23,0.0,0.12054377794265747
2024-10-24,0.0,0.12328244745731354
2024-10-25,0.0,0.12193956226110458
2024-10-28,0.0,0.09962176531553268
2024-10-29,0.0,0.09281764179468155
2024-10-30,0.0,0.09307706356048584
2024-10-31,0.0,0.19668757915496826
2024-11-01,0.0,0.13977518677711487
2024-11-04,0.0,0.15765975415706635
2024-11-05,0.0,0.12619297206401825
2024-11-06,0.0,0.12042676657438278
2024-11-07,0.0,0.10187289863824844
2024-11-08,0.0,0.08748900145292282
2024-11-11,0.0,0.08807467669248581
2024-11-12,0.0,0.08446479588747025
2024-11-13,0.0,0.0887046828866005
2024-11-14,0.0,0.08502497524023056
2024-11-15,0.0,0.14585469663143158
2024-11-18,0.0,0.10024227201938629
2024-11-19,0.0,0.10328256338834763
2024-11-20,0.0,0.10255759209394455
2024-11-21,0.0,0.09288543462753296
2024-11-22,0.0,0.08598895370960236
2024-11-25,0.0,0.22611959278583527
2024-11-26,0.0,0.09691794961690903
2024-11-27,0.0,0.10641182959079742
2024-11-29,0.0,0.18364740908145905
2024-12-02,0.0,0.08301163464784622
2024-12-03,0.0,0.07703717052936554
2024-12-04,0.0,0.0721912607550621
2024-12-05,0.0,0.07658136636018753
2024-12-06,0.0,0.07885175198316574
2024-12-09,0.0,0.11411090195178986
2024-12-10,0.0,0.09554099291563034
2024-12-11,0.0,0.11168365925550461
2024-12-12,0.0,0.1172185018658638
2024-12-13,0.0,0.11682051420211792
2024-12-16,0.0,0.12487361580133438
2024-12-17,1.0,0.10335173457860947
2024-12-18,0.0,0.2151542603969574
2024-12-19,0.0,0.2007775902748108
2024-12-20,0.0,0.20737998187541962
2024-12-23,0.0,0.15343178808689117
2024-12-24,0.0,0.1486326903104782
2024-12-26,0.0,0.1493176519870758
2024-12-27,0.0,0.14690515398979187
2024-12-30,0.0,0.12889237701892853
2024-12-31,0.0,0.11774161458015442
2025-01-02,0.0,0.137054443359375
2025-01-03,0.0,0.11925233155488968
2025-01-06,0.0,0.1143309473991394
2025-01-07,0.0,0.14211368560791016
2025-01-08,0.0,0.13733936846256256
2025-01-10,0.0,0.23244670033454895
2025-01-13,0.0,0.20768412947654724
2025-01-14,0.0,0.18831130862236023
2025-01-15,0.0,0.1262754648923874
2025-01-16,0.0,0.13573119044303894
2025-01-17,0.0,0.12747825682163239
2025-01-21,0.0,0.10335345566272736
2025-01-22,0.0,0.08602167665958405
2025-01-23,0.0,0.0849466323852539
2025-01-24,0.0,0.08158280700445175
2025-01-27,0.0,0.18510179221630096
2025-01-28,0.0,0.09626148641109467
2025-01-29,0.0,0.10615327209234238
2025-01-30,0.0,0.1075388640165329
2025-01-31,0.0,0.1281614899635315
2025-02-03,0.0,0.159633606672287
2025-02-04,0.0,0.10187049210071564
2025-02-05,0.0,0.10443481802940369
2025-02-06,0.0,0.10650624334812164
2025-02-07,0.0,0.1211782768368721
2025-02-10,0.0,0.09735104441642761
2025-02-11,0.0,0.09801125526428223
2025-02-12,0.0,0.13774584233760834
2025-02-13,0.0,0.09944315999746323
2025-02-14,0.0,0.09400617331266403
2025-02-18,0.0,0.08866989612579346
2025-02-19,0.0,0.08524064719676971
2025-02-20,0.0,0.08781246840953827
2025-02-21,0.0,0.18009929358959198
2025-02-24,0.0,0.16340187191963196
2025-02-25,0.0,0.21342699229717255
2025-02-26,0.0,0.22699201107025146
2025-02-27,0.0,0.27291008830070496
2025-02-28,0.0,0.22434605658054352
2025-03-03,0.0,0.22104354202747345
2025-03-04,0.0,0.24274121224880219
2025-03-05,0.0,0.24216563999652863
2025-03-06,0.0,0.2979280352592468
2025-03-07,1.0,0.3098084032535553
2025-03-10,0.0,0.37965482473373413
2025-03-11,0.0,0.35327625274658203
2025-03-12,0.0,0.33085471391677856
2025-03-13,0.0,0.3902728855609894
2025-03-14,0.0,0.2987567186355591
2025-03-17,0.0,0.2847774922847748
2025-03-18,0.0,0.3439127206802368
2025-03-19,0.0,0.2584654688835144
2025-03-20,0.0,0.33043336868286133
2025-03-21,0.0,0.41112881898880005
2025-03-24,0.0,0.25556448101997375
2025-03-25,0.0,0.25413867831230164
2025-03-26,0.0,0.3670915961265564
2025-03-27,0.0,0.3368963897228241
2025-03-28,0.0,0.4539828598499298
2025-03-31,0.0,0.4044850170612335
2025-04-01,0.0,0.3123132586479187
2025-04-02,1.0,0.28460875153541565
2025-04-03,1.0,0.582202136516571
2025-04-04,0.0,0.6858111023902893
2025-04-07,0.0,0.7572460174560547
2025-04-08,0.0,0.7853307723999023
2025-04-09,1.0,0.46422043442726135
2025-04-10,0.0,0.7655304670333862
2025-04-11,0.0,0.5107080936431885
2025-04-14,0.0,0.4417131543159485
2025-04-15,1.0,0.461741179227829
2025-04-16,0.0,0.5917803049087524
2025-04-17,1.0,0.5492798686027527
2025-04-21,0.0,0.6560849547386169
2025-04-22,0.0,0.49265196919441223
2025-04-23,0.0,0.4683780074119568
2025-04-24,0.0,0.37445709109306335
2025-04-25,0.0,0.37357521057128906
2025-04-28,0.0,0.3701603412628174
2025-04-29,0.0,0.3981109857559204
2025-04-30,0.0,0.44049695134162903
2025-05-01,0.0,0.3564288318157196
2025-05-02,0.0,0.3377320170402527
2025-05-05,0.0,0.3982100188732147
2025-05-06,0.0,0.42582154273986816
2025-05-07,0.0,0.41206085681915283
2025-05-08,0.0,0.33972811698913574
2025-05-09,0.0,0.39462023973464966
2025-05-12,0.0,0.1830899715423584
2025-05-13,0.0,0.19509615004062653
2025-05-14,0.0,0.18193364143371582
2025-05-15,0.0,0.17838843166828156
2025-05-16,0.0,0.15027610957622528
2025-05-19,0.0,0.20487502217292786
2025-05-20,0.0,0.20360317826271057
2025-05-21,0.0,0.3288690447807312
2025-05-22,0.0,0.32881125807762146
2025-05-23,0.0,0.3336983025074005
2025-05-27,0.0,0.17624017596244812
2025-05-28,0.0,0.1995028257369995
2025-05-29,0.0,0.21407391130924225
2025-05-30,0.0,0.31079772114753723
2025-06-02,0.0,0.20928362011909485
2025-06-03,0.0,0.16427288949489594
2025-06-04,0.0,0.15844811499118805
2025-06-05,0.0,0.23940761387348175
2025-06-06,0.0,0.23583893477916718
2025-06-09,0.0,0.17504389584064484
2025-06-10,0.0,0.13676965236663818
2025-06-11,0.0,0.18265099823474884
2025-06-12,0.0,0.1697530895471573
2025-06-13,0.0,0.2602596580982208
2025-06-16,0.0,0.12335053086280823
2025-06-17,0.0,0.18857328593730927
2025-06-18,0.0,0.25962281227111816
2025-06-20,0.0,0.25979533791542053
2025-06-23,0.0,0.18897342681884766
2025-06-24,0.0,0.11352594196796417
2025-06-25,0.0,0.12062106281518936
2025-06-26,0.0,0.10753054171800613
2025-06-27,0.0,0.12279678881168365
2025-06-30,0.0,0.09992706030607224
2025-07-01,0.0,0.14237046241760254
2025-07-02,0.0,0.10172270983457565
2025-07-03,0.0,0.13497760891914368
2025-07-07,0.0,0.10170896351337433
2025-07-08,0.0,0.1008978933095932
2025-07-09,0.0,0.10039089620113373
2025-07-10,0.0,0.08402235060930252
2025-07-11,0.0,0.09075628221035004
2025-07-14,0.0,0.08861490339040756
2025-07-15,0.0,0.09378673136234283
2025-07-16,0.0,0.09110201895236969
2025-07-17,0.0,0.08565457165241241
2025-07-18,0.0,0.08854836970567703
2025-07-21,0.0,0.08459968864917755
2025-07-22,0.0,0.09345769882202148
2025-07-23,0.0,0.0803588256239891
2025-07-24,0.0,0.08412264287471771
2025-07-25,0.0,0.1034776046872139
2025-07-28,0.0,0.09082917869091034
2025-07-29,0.0,0.09812802821397781
2025-07-30,0.0,0.09987948834896088
2025-07-31,0.0,0.12550081312656403
2025-08-01,0.0,0.14159291982650757
2025-08-04,0.0,0.10309477150440216
2025-08-05,0.0,0.11449911445379257
2025-08-06,0.0,0.1087501049041748
2025-08-07,0.0,0.10081909596920013
2025-08-08,0.0,0.09975776076316833
2025-08-11,0.0,0.09315141290426254
2025-08-12,0.0,0.09266094863414764
2025-08-13,0.0,0.08949257433414459
2025-08-14,0.0,0.08978410065174103
2025-08-15,0.0,0.09792914986610413
2025-08-18,0.0,0.0960213840007782
2025-08-19,0.0,0.09859978407621384
2025-08-20,0.0,0.10381463915109634
2025-08-21,0.0,0.10288704186677933
2025-08-22,0.0,0.10851513594388962
2025-08-25,0.0,0.10908595472574234
2025-08-26,0.0,0.10506805032491684
2025-08-27,0.0,0.11513581871986389
2025-08-28,0.0,0.09675221890211105
2025-08-29,0.0,0.11985624581575394
2025-09-02,0.0,0.1308460384607315
2025-09-03,0.0,0.10816558450460434
2025-09-04,0.0,0.11265179514884949
2025-09-05,0.0,0.10008712112903595
2025-09-08,0.0,0.09487340599298477
2025-09-09,0.0,0.10660361498594284
2025-09-10,0.0,0.0906214788556099
2025-09-11,0.0,0.09645537286996841
2025-09-12,0.0,0.09979604184627533
2025-09-15,0.0,0.09120294451713562
2025-09-16,0.0,0.09384722262620926
2025-09-17,0.0,0.09380276501178741
2025-09-18,0.0,0.10388722270727158
2025-09-19,0.0,0.1284201741218567
2025-09-22,0.0,0.10694466531276703
2025-09-23,0.0,0.09814796596765518
2025-09-24,0.0,0.09383749961853027
2025-09-25,0.0,0.10666657239198685
2025-09-26,0.0,0.1014113798737526
2025-09-29,0.0,0.08954799175262451
2025-09-30,0.0,0.09453341364860535
2025-10-01,0.0,0.09845247864723206
2025-10-02,0.0,0.08726298809051514
2025-10-03,0.0,0.09556728601455688
2025-10-06,0.0,0.08945982158184052
2025-10-07,0.0,0.07973465323448181
2025-10-08,0.0,0.08735864609479904
2025-10-09,1.0,0.07579158246517181
2025-10-10,0.0,0.16108360886573792
2025-10-13,0.0,0.09561638534069061
2025-10-14,0.0,0.10441195964813232
2025-10-15,0.0,0.0967496782541275
2025-10-16,0.0,0.11267976462841034
2025-10-17,0.0,0.09795364737510681
2025-10-20,0.0,0.10334742814302444
2025-10-21,0.0,0.09292902797460556
2025-10-22,0.0,0.08856924623250961
2025-10-23,0.0,0.08853037655353546
2025-10-24,0.0,0.11940665543079376
2025-10-27,0.0,0.13680697977542877
2025-10-28,0.0,0.1240893080830574
2025-10-29,0.0,0.0885264053940773
2025-10-30,0.0,0.08382565528154373
2025-10-31,0.0,0.0979420393705368
2025-11-03,0.0,0.08952704071998596
2025-11-04,0.0,0.10371965169906616
2025-11-05,0.0,0.09511521458625793
2025-11-06,0.0,0.11151554435491562
2025-11-07,0.0,0.11030690371990204
2025-11-10,0.0,0.11016640812158585
2025-11-11,0.0,0.09481124579906464
2025-11-12,0.0,0.09033632278442383
2025-11-13,0.0,0.12092611938714981
2025-11-14,0.0,0.1052013486623764
2025-11-17,0.0,0.13224785029888153
2025-11-18,0.0,0.14884616434574127
2025-11-19,0.0,0.13188689947128296
2025-11-20,0.0,0.17724348604679108
2025-11-21,0.0,0.15408919751644135
2025-11-24,0.0,0.10281813889741898
2025-11-25,0.0,0.10715936124324799
2025-11-26,0.0,0.1107940599322319
2025-11-28,0.0,0.1704045981168747
2025-12-01,0.0,0.09404841810464859
2025-12-02,0.0,0.07740090042352676
2025-12-03,0.0,0.08250007033348083
2025-12-04,0.0,0.08409261703491211
2025-12-05,0.0,0.08329261094331741
2025-12-08,0.0,0.08769521862268448
2025-12-09,0.0,0.08253733068704605
2025-12-10,0.0,0.07830966264009476
2025-12-11,0.0,0.08068453520536423
2025-12-12,0.0,0.08946921676397324
2025-12-15,0.0,0.09565958380699158
2025-12-16,0.0,0.09665390849113464
2025-12-17,0.0,0.12331267446279526
2025-12-18,0.0,0.11574356257915497
2025-12-19,0.0,0.10961461067199707
2025-12-22,0.0,0.10527899116277695
2025-12-23,0.0,0.11127739399671555
2025-12-24,0.0,0.15388980507850647
2025-12-26,0.0,0.14498814940452576
2025-12-29,0.0,0.1188468486070633
2025-12-30,0.0,0.12620849907398224
2025-12-31,0.0,0.1758437603712082
2026-01-02,0.0,0.11183173954486847
2026-01-05,0.0,0.08085475862026215
2026-01-06,0.0,0.06648443639278412
2026-01-07,0.0,0.06873276829719543
2026-01-08,0.0,0.07561337947845459
2026-01-09,0.0,0.07986894249916077
2026-01-12,0.0,0.07993700355291367
2026-01-13,0.0,0.08182352781295776
2026-01-14,0.0,0.08850596100091934
2026-01-15,0.0,0.09601107984781265
2026-01-16,1.0,0.09658200293779373
2026-01-20,0.0,0.15724578499794006
2026-01-21,0.0,0.13938263058662415
2026-01-22,0.0,0.10369345545768738
2026-01-23,0.0,0.12966585159301758
2026-01-26,0.0,0.1099454015493393
2026-01-27,0.0,0.09459755569696426
2026-01-28,0.0,0.10199207812547684
2026-01-29,0.0,0.16622701287269592
2026-01-30,0.0,0.13697175681591034
2026-02-02,0.0,0.09778674691915512
2026-02-03,0.0,0.1592559665441513
2026-02-04,0.0,0.1606295108795166
2026-02-05,0.0,0.16452282667160034
2026-02-06,0.0,0.11701817810535431
2026-02-09,0.0,0.10039471089839935
2026-02-10,0.0,0.0861116498708725
2026-02-11,0.0,0.10746040940284729
2026-02-12,0.0,0.17855440080165863
2026-02-13,0.0,0.17070893943309784
2026-02-17,0.0,0.15735071897506714
2026-02-18,0.0,0.1288432776927948
2026-02-19,0.0,0.1424708217382431
2026-02-20,0.0,0.12214022129774094
2026-02-23,0.0,0.14840981364250183
2026-02-24,0.0,0.14882874488830566
2026-02-25,0.0,0.1223033145070076
2026-02-26,0.0,0.1525101363658905
2026-02-27,0.0,0.18393944203853607
2026-03-02,0.0,0.17291271686553955
2026-03-03,0.0,0.22505316138267517
2026-03-04,0.0,0.16805918514728546
2026-03-05,0.0,0.20748014748096466
2026-03-06,0.0,0.35619398951530457
2026-03-09,0.0,0.2444591522216797
2026-03-10,0.0,0.1957700252532959
2026-03-11,0.0,0.27285057306289673
2026-03-12,0.0,0.2535327076911926
2026-03-13,0.0,0.3290732800960541
2026-03-16,0.0,0.2127532809972763
2026-03-17,0.0,0.2512010931968689
2026-03-18,0.0,0.2875903248786926
2026-03-19,0.0,0.35417428612709045
2026-03-20,0.0,0.3660873770713806
2026-03-23,0.0,0.2838073670864105
2026-03-24,0.0,0.3191443979740143
2026-03-25,0.0,0.23627594113349915
2026-03-26,0.0,0.35024964809417725
2026-03-27,0.0,0.46174710988998413
2026-03-30,0.0,0.40196502208709717
2026-03-31,0.0,0.22197073698043823
2026-04-01,0.0,0.22260482609272003
2026-04-02,0.0,0.2527974247932434
2026-04-06,0.0,0.21955955028533936
2026-04-07,0.0,0.2062970995903015
2026-04-08,0.0,0.1305197924375534
2026-04-09,0.0,0.1799210011959076
2026-04-10,0.0,0.17560401558876038
2026-04-13,0.0,0.16850177943706512
2026-04-14,0.0,0.1270250529050827
2026-04-15,0.0,0.1181836873292923
2026-04-16,0.0,0.11057469993829727
2026-04-17,0.0,0.1007898822426796
2026-04-20,0.0,0.10851351916790009
2026-04-21,0.0,0.11772332340478897
2026-04-22,0.0,0.11333100497722626
2026-04-23,0.0,0.10626840591430664
2026-04-24,0.0,0.10539920628070831
2026-04-27,0.0,0.10882601886987686
2026-04-28,0.0,0.1192886084318161
2026-04-29,0.0,0.11361881345510483
2026-04-30,0.0,0.0934009850025177
2026-05-01,0.0,0.1185518130660057
2026-05-04,0.0,0.11518654972314835
2026-05-05,0.0,0.1032441183924675
2026-05-06,0.0,0.09350652247667313
2026-05-07,0.0,0.08018558472394943
2026-05-08,0.0,0.07992246001958847
2026-05-11,0.0,0.06790150701999664
2026-05-12,0.0,0.07500603049993515
2026-05-13,0.0,0.07598463445901871
2026-05-14,0.0,0.0786435678601265
2026-05-15,0.0,0.08319572359323502
2026-05-18,0.0,0.06384582817554474
2026-05-19,0.0,0.07336335629224777
2026-05-20,0.0,0.08038363605737686
2026-05-21,0.0,0.07952985167503357
2026-05-22,0.0,0.0770643875002861
2026-05-26,0.0,0.07533005625009537
2026-05-27,0.0,0.07316786050796509
2026-05-28,0.0,0.08282140642404556
2026-05-29,0.0,0.11335226148366928
2026-06-01,0.0,0.0757790058851242
2026-06-02,0.0,0.07068758457899094
2026-06-03,0.0,0.07409948110580444
2026-06-04,1.0,0.07227117568254471
2026-06-05,0.0,0.11678911745548248
2026-06-08,0.0,0.10044696182012558
2026-06-09,0.0,0.1476118117570877
2026-06-10,0.0,0.1879855990409851
2026-06-11,0.0,0.09563200920820236
2026-06-12,0.0,0.1446109116077423
2026-06-15,0.0,0.07717686891555786
2026-06-16,0.0,0.0879715159535408
2026-06-17,0.0,0.16150060296058655
2026-06-18,0.0,0.15535159409046173
2026-06-22,0.0,0.11037939786911011
2026-06-23,0.0,0.1533936709165573
2026-06-24,0.0,0.18276849389076233
2026-06-25,0.0,0.14370498061180115
2026-06-26,0.0,0.18656058609485626
2026-06-29,0.0,0.11780370771884918
2026-06-30,0.0,0.09746002405881882
2026-07-01,0.0,0.09770262986421585
2026-07-02,0.0,0.09907915443181992
2026-07-06,0.0,0.09482406079769135
2026-07-07,0.0,0.11076240241527557
2026-07-08,0.0,0.12428362667560577
2026-07-09,0.0,0.11978066712617874
2026-07-10,0.0,0.12616142630577087
2026-07-13,0.0,0.13990949094295502
2026-07-14,0.0,0.10734128206968307
2026-07-15,0.0,0.10317647457122803
2026-07-16,0.0,0.08338901400566101
2026-07-17,0.0,0.1256716549396515
2026-07-20,0.0,0.14498327672481537
2026-07-21,0.0,0.106711246073246
2026-07-22,0.0,0.1314910352230072
2026-07-23,0.0,0.23178894817829132
2026-07-24,0.0,0.16841919720172882
2026-07-27,0.0,0.16278940439224243
2026-07-28,0.0,0.13903601467609406
2026-07-29,0.0,0.22491417825222015
2026-07-30,0.0,0.1537114530801773
2026-07-31,0.0,0.1257312297821045
2026-08-03,0.0,0.09781661629676819
2026-08-04,0.0,0.09334580600261688
2026-08-05,0.0,0.09925708919763565
2026-08-06,0.0,0.09000478684902191
2026-08-07,0.0,0.09422408044338226
2026-08-10,0.0,0.07851538062095642
2026-08-11,0.0,0.09083855152130127
2026-08-12,0.0,0.0969049483537674
